customer_id,age,sex,bmi,children,smoker,region,exercise_level,chronic_condition,annual_income,claim_count,charges
CUST-1207,42,Female,17.96,4,No,West,Medium,None,68686.2,1,15707.2
CUST-0869,39,Female,22.35,0,Yes,West,Low,None,24547.41,1,25646.56
CUST-0533,25,Male,,1,No,South,Low,None,60931.43,2,13613.91
CUST-0345,61,Female,34.52,0,No,East,Low,None,48223.81,1,19584.48
CUST-0406,42,Male,24.79,2,Yes,West,Low,None,61435.93,2,28675.27
CUST-0852,56,Female,28.43,0,No,East,Low,Diabetes,59247.18,2,18794.33
CUST-0024,62,Female,,3,Yes,South,Low,Both,65244.79,2,42298.67
CUST-0868,58,Female,31.9,3,No,North,Low,Diabetes,70097.91,0,18647.49
CUST-0044,35,Male,29.26,2,No,South,Low,Hypertension,,1,19103.33
CUST-0848,20,Female,40.18,1,No,North,Low,Hypertension,67109.43,0,13638.39
CUST-1054,64,Female,28.17,3,Yes,South,Low,None,66059.19,0,30040.55
CUST-0347,65,Female,27.07,1,No,West,High,Both,45502.31,2,26601.39
CUST-0472,56,Female,33.47,0,No,North,Medium,None,,2,16048.89
CUST-0527,62,Male,27.09,3,No,South,Medium,Diabetes,84607.3,0,20253.64
CUST-1067,62,Male,37.16,2,Yes,West,Low,None,78951.05,3,38261.2
CUST-0410,18,Male,36.79,1,No,North,High,Hypertension,18000.0,0,10255.09
CUST-0991,34,Male,36.2,2,No,West,Medium,Diabetes,76843.89,0,11661.22
CUST-0079,45,Female,27.05,1,No,West,Medium,Both,41943.43,0,15548.5
CUST-0416,50,Male,36.18,3,No,East,Medium,Hypertension,33434.97,3,21603.35
CUST-0372,49,Male, 19.45 ,4,No,South,High,None,64003.98,0,13533.42
CUST-0594,65,Female,29.5,0,No,East,Medium,Hypertension,62322.81,0,22255.19
CUST-0364,60,Female,35.88,4,No,West,MEDIUM,None,48616.33,0,17085.06
CUST-0974,40,Male,26.6,0,No,South,Medium,None,30902.71,1,17708.09
CUST-0671,63,Male,17.05,2,Yes,north,,None,52078.95,3,29765.2
CUST-1062,51,Male,16.0,4,No,West,High,None,72637.26,1,16414.32
CUST-0705,24,Female,27.53,3,No,North,Low,None,31555.38,0,12262.73
CUST-0465,18,Female,25.0,4,No,East,Medium,Hypertension,42234.31,1,16029.34
CUST-1010,42,Female,24.58,2,No,East,Low,Diabetes,35045.95,1,16056.75
CUST-0808,23,Female,24.6,0,No,North,Low,None,74521.0,3,15652.58
CUST-0635,26,Female,27.12,1,Yes,South,Medium,Diabetes,75754.58,3,27048.9
CUST-0568,29,Male,30.09,2,No,North,High,None,50423.48,1,10770.13
CUST-0424,45,Female,35.54,4,No,East,High,None,73557.06,4,23107.96
CUST-0573,31,Male,36.38,3,No,West,Medium,Diabetes,78310.06,1,12839.62
CUST-0621,38,Male,33.09,4,No,West,Low,None,68985.4,1,17082.05
CUST-0124,40,Male,33.58,4,Yes,East,Medium,Diabetes,94330.56,1,30713.1
CUST-0169,34,Female,27.53,2,No,West,Low,None,18000.0,0,9960.54
CUST-0970,19,Male,23.29,1,No,East,Medium,Diabetes,74460.97,0,12362.27
CUST-1248,40,Female,21.36,0,Yes,East,High,None,22270.03,2,23811.6
CUST-1069,34,Female,36.35,4,No,East,Medium,Diabetes,87500.12,3,25957.63
CUST-1061,54,Male,30.29,3,No,East,LOW,None,36499.73,2,18671.71
CUST-0559,56,Male,21.47,4,No,West,High,None,51447.02,0,19683.36
CUST-0276,41,Male,30.61,4,Yes,West,Medium,None,102651.81,0,25181.97
CUST-0209,30,Male,31.92,1,Yes,North,Low,Hypertension,53290.9,2,23210.52
CUST-0912,26,Male,30.7,4,No,North,Low,None,65353.14,3,19270.29
CUST-0534,31,Female,31.45,1,No,North,Low,Diabetes,58359.22,1,12674.14
CUST-0064,64,Female,39.54,1,Yes,East,Medium,Both,74593.14,0,32999.4
CUST-0262,26,Male,28.49,3,No,West,Medium,None,61013.76,2,13845.25
CUST-0241,24,Male,38.6,1,No,West,Medium,None,71967.76,1,9821.85
CUST-0899,21,Female,35.15,4,No,East,Medium,Diabetes,59855.9,2,12234.5
CUST-0561,43,Male,36.44,2,No,West,High,None,48860.77,0,13798.63
CUST-1108,61,Male,37.3,4,No,East,Low,None,40286.19,0,22093.5
CUST-0102,27,Male,40.88,3,Yes,West,Medium,Diabetes,40426.34,0,24315.55
CUST-0907,37,Male,32.94,0,NO,East,Medium,None,66363.9,2,14065.06
CUST-0951,22,Male,33.25,4,Yes,North,Medium,None,58043.14,2,22303.16
CUST-0412,29,Female,36.52,2,No,South,Medium,None,18000.0,0,9819.39
CUST-1223,64,Male,23.4,3,Yes,West,Medium,Both,39229.95,2,35674.57
CUST-0175,51,Male,31.59,0,Yes,South,Low,Hypertension,44375.95,2,33685.59
CUST-0987,47,Male,26.15,1,NO,West,Low,None,73628.18,3,20584.84
CUST-0052,27,Male,28.78,1,No,North,Medium,None,85992.62,2,14298.75
CUST-0592,61,Male,17.59,0,Yes,West,Medium,None,54249.36,2,32524.19
CUST-0709,40,Female,17.59,0,No,East,Medium,Hypertension,64799.54,0,8977.47
CUST-0529,61,Male,32.64,0,No,North,High,Hypertension,39095.33,2,21417.08
CUST-0742,54,Male,23.15,0,No,East,Low,None,109073.0,3,24768.48
CUST-0219,39,Female,24.12,1,No,West,,None,77069.96,0,17996.37
CUST-0631,53,Male,21.38,1,No,South,Medium,None,37964.21,2,11935.11
CUST-0719,29,Female,24.15,0,Yes,North,Medium,None,81408.35,0,20323.7
CUST-0082,38,Female,34.74,2,Yes,South,High,Diabetes,23495.26,1,29354.83
CUST-0077,33,Female,30.55,4,No,West,High,None,67300.26,1,11585.41
CUST-1081,62,Male,36.72,4,Yes,South,Medium,None,41874.5,2,30971.63
CUST-1250,64,Female,22.13,4,No,South,High,Diabetes,40242.63,1,20935.56
CUST-0543,27,Male,40.1,2,Yes,South,High,None,77669.09,0,22277.41
CUST-0266,45,Female,40.08,4,No,East,Medium,None,,2,20138.41
CUST-0059,53,Male,27.18,2,No,East,Medium,Hypertension,59621.34,1,19611.25
CUST-0260,46,Female,16.0,3,No,West,Medium,None,64605.25,2,17217.1
CUST-0356,65,Female,19.66,0,No,South,Medium,None,67644.06,3,24528.11
CUST-0583,23,Female,27.47,4,No,West,Medium,Both,51484.9,0,13253.41
CUST-1099,19,Male,37.99,3,No,North,Medium,None,66717.99,1,11756.1
CUST-1170,62,Male,26.29,4,N,North,Low,None,45422.84,1,20650.6
CUST-0050,55,Male,26.73,1,No,North,Medium,Diabetes,63736.35,0,17590.93
CUST-0193,47,Female,31.09,0,No,West,Medium,None,94773.89,2,16868.41
CUST-0544,26,Male,43.56,1,No,East,Medium,None,52950.65,5,21067.26
CUST-0722,62,Female,39.45,2,No,South,Medium,None,55055.62,0,18061.45
CUST-0199,34,Female,19.78,1,No,North,Medium,None,47629.76,4,15612.53
CUST-1053,42,Female,33.27,1,No,North,High,None,69298.26,1,14028.13
CUST-0278,55,Male,29.36,1,No,South,Medium,Hypertension,60209.53,2,18299.85
CUST-0414,24,Female,39.36,0,No,South,Medium,Hypertension,323173.4,1,16529.75
CUST-0771,49,Male,24.63,2,No,West,High,Hypertension,91422.09,0,11319.58
CUST-1000,42,Male,40.53,0,Yes,South,High,Diabetes,111234.87,0,27447.31
CUST-1198,65,Female,39.27,0,Yes,West,Low,None,76218.81,2,33094.35
CUST-0440,37,Male,27.11,2,No,East,Medium,None,56683.97,0,12201.37
CUST-1016,58,Male,31.22,0,No,South,Low,None,43438.75,0,19772.19
CUST-0672,47,Female,31.15,1,No,East,High,None,66268.38,2,18031.68
CUST-0399,31,Female,29.24,2,No,West,Low,Hypertension,59168.73,1,16135.57
CUST-0983,44,Female,28.38,3,Yes,East,Medium,None,72001.66,2,28686.21
CUST-0368,33,female,28.55,2,No,West,Medium,None,50759.92,1,15680.24
CUST-0129,45,Female,32.22,1,No,East,High,Hypertension,58606.57,2,20234.72
CUST-0313,23,Male,36.93,1,No,South,Medium,Hypertension,88966.64,0,15134.56
CUST-0618,30,Female,29.86,2,No,South,Medium,Both,30587.66,0,15273.88
CUST-0197,34,Female,26.9,1,No,West,Medium,None,99812.28,4,18717.11
CUST-1037,61,Female,23.07,3,No,North,Low,None,40508.46,2,24274.37
CUST-0833,39,Male,33.59,4,Y,south,High,None,85699.89,1,23695.3
CUST-0975,25,Male,41.97,1,No,East,High,Diabetes,75818.02,1,13316.34
CUST-0732,38,Female,18.32,1,No,North,High,diabetes,69228.86,4,18087.42
CUST-1201,60,Female,36.38,4,No,South,Low,Hypertension,66264.5,1,25304.72
CUST-1247,59,Female,21.69,2,No,West,,Diabetes,98815.55,1,19935.63
CUST-0851,65,Female,27.58,4,No,West,Low,None,74004.6,2,21254.55
CUST-1133,56,Female,28.41,4,Yes,EAST,High,None,75330.52,2,31079.14
CUST-0045,21,Female,40.29,1,No,West,Low,Both,20812.13,0,17149.48
CUST-1210,64,Male,26.8,1,No,South,Low,None,56268.73,4,28222.98
CUST-0221,24,female,30.97,0,No,WEST,Medium,None,76744.87,1,13776.44
CUST-0030,39,Female,26.21,3,No,South,HIGH,Diabetes,51823.27,1,16889.43
CUST-0032,28,Female,29.92,0,No,West,High,Both,61099.84,3,18189.26
CUST-0959,64,Male,27.64,0,No,East,Medium,None,96447.35,1,18365.2
CUST-1168,37,Male,34.4,0,No,South,Medium,None,62773.31,3,20182.7
CUST-1011,30,Male,22.68,0,No,East,High,None,49103.59,3,14504.64
CUST-0840,61,Male,47.22,0,No,East,Medium,None,54821.1,0,18342.96
CUST-0087,22,Female,29.83,3,No,West,High,None,34197.49,4,14080.58
CUST-0298,39,Female,32.9,4,No,North,Medium,Diabetes,84617.5,2,19968.43
CUST-0766,55,Male,32.53,1,No,North,High,None,61646.29,2,18630.93
CUST-0923,39,Female,31.04,3,No,West,Medium,None,65418.05,1,18153.32
CUST-0712,43,Female,22.11,1,No,West,Low,Diabetes,50513.57,1,14432.95
CUST-0071,56,Male,29.87,3,No,North,High,None,41955.74,0,13447.25
CUST-0694,63,Male,30.41,2,No,East,Medium,None,82788.93,1,15185.86
CUST-1183,51,Male,26.76,0,No,North,Medium,None,20136.17,0,12359.44
CUST-0661,26,Male,22.9,0,Yes,West,Medium,None,30994.67,1,18824.47
CUST-0156,49,Male,35.45,4,No,West,Low,Hypertension,57374.33,1,24477.99
CUST-0579,60,Female,31.2,2,No,South,High,None,56239.8,1,20819.27
CUST-0763,63,Male,17.76,2,No,West,High,None,47975.41,0,19004.9
CUST-0232,59,Male,31.3,3,No,West,High,None,51171.23,2,19899.71
CUST-0574,20,Female,19.63,0,No,West,Medium,Both,74647.62,4,20062.11
CUST-0483,30,Female,26.61,2,No,East,Low,None,18000.0,1,9020.16
CUST-1177,33,Male,17.34,2,No,West,Low,None,54994.53,1,9432.41
CUST-1005,24,Male,25.47,1,No,North,Low,None,59884.12,1,14856.69
CUST-0114,40,Male,19.65,2,Yes,north,Low,Hypertension,66644.44,0,24943.91
CUST-0784,23,Female,28.93,2,No,West,Medium,None,73925.2,1,11765.83
CUST-0307,32,Female,21.64,2,No,East,Low,None,67272.49,1,15734.19
CUST-0395,52,Male,28.15,4,No,west,Low,None,94772.04,0,16422.51
CUST-1226,64,Male,28.7,2,Yes,South,MEDIUM,None,59149.93,4,38448.8
CUST-0108,49,Male,26.02,2,No,South,Low,None,43045.7,2,20038.66
CUST-1232,53,Female,45.64,0,No,East,Medium,None,35413.55,2,18618.29
CUST-1003,44,Male,29.57,2,No,East,High,Hypertension,60139.94,0,17160.46
CUST-1137,52,Female,33.54,4,no,East,Medium,None,74342.72,1,19209.76
CUST-1173,36,Male,19.53,1,No,South,High,Hypertension,63095.6,0,10918.72
CUST-0431,22,Female,20.25,0,No,East,Medium,Diabetes,72540.73,3,15309.9
CUST-0200,64,Male,37.32,4,Yes,West,Low,Diabetes,29040.8,1,32638.5
CUST-0343,47,Male,24.98,2,No,North,Medium,Diabetes,33784.02,0,15687.44
CUST-0917,44,Male,30.11,0,No,South,Low,None,66105.07,3,16094.37
CUST-0683,64,Female,19.88,0,No,West,High,None,87404.11,0,12183.98
CUST-0567,28,Male,34.52,0,NO,North,Medium,None,106853.02,1,10317.78
CUST-0953,47,Male,46.94,4,No,West,Medium,None,80496.0,1,20156.43
CUST-0637,29,Female,25.52,4,No,South,Low,None,97028.73,0,10999.18
CUST-0421,62,Female,31.26,0,Yes,South,High,None,61709.08,1,31096.43
CUST-1229,25,Male,23.48,2,Yes,East,High,None,86275.97,2,22144.95
CUST-0809,36,Male,30.31,4,No,South,Medium,None,85288.78,2,14686.93
CUST-0210,55,Female,38.19,1,Yes,South,Low,None,53143.03,2,30909.05
CUST-0885,57,Male,18.29,0,No,East,Low,Both,37799.78,2,24317.88
CUST-0211,30,Female,30.62,2,No,North,Low,None,49085.46,1,12916.68
CUST-0055,41,Female,33.53,4,Yes,South,Medium,Hypertension,66470.7,3,34247.63
CUST-0287,25,Male,25.99,3,No,North,Low,None,92211.61,1,12061.38
CUST-0812,60,Female,20.37,3,Yes,West,Medium,Both, 33683.42 ,3,37542.95
CUST-0057,44,Male,39.03,0,No,East,High,None,60005.52,1,20826.93
CUST-0110,51,Male,19.81,3,No,South,Low,Hypertension,73547.59,1,18415.42
CUST-0507,43,Male,,1,No,East,Low,None,57016.88,1,18347.55
CUST-0632,33,Male,16.87,4,No,North,Low,Both,93395.09,2,20738.04
CUST-1161,45,Female,,3,No,East,Medium,None,77108.44,1,12005.7
CUST-0487,34,Female,22.51,3,Yes,West,High,None,92642.08,1,21332.77
CUST-0291,56,Male,28.19,2,No,East,Low,Hypertension,69244.99,1,17253.32
CUST-0599,48,Female,31.2,3,Yes,South,Medium,None,25972.38,1,25576.35
CUST-0334,57,Male,24.52,1,No,East,Medium,None,59078.48,3,22746.79
CUST-0600,48,Male,29.46,2,No,East,High,None,81759.78,0,10329.46
CUST-0610,59,Female,33.5,0,No,South,Medium,None,78403.83,0,20313.51
CUST-0679,43,Male,22.45,4,No,North,Low,Diabetes,24675.49,1,16422.28
CUST-0480,23,Male,26.2,3,No,South,Low,None,40538.38,4,16254.36
CUST-0721,24,Female,21.13,1,No,North,High,None,74218.69,0,8605.93
CUST-0524,57,Male,28.32,0,Yes,South,Medium,NONE,,0,25546.95
CUST-0351,43,Male,23.67,1,NO,East,High,None,20983.79,0,10491.04
CUST-0799,33,Female,33.58,1,Yes,West,Low,Diabetes,57378.77,1,27615.47
CUST-0819,49,Male,33.59,2,Yes,South,High,Diabetes,,1,26758.88
CUST-0462,24,Male,19.49,2,No,West,High,None,87773.54,1,6390.53
CUST-0550,50,Female,22.95,3,Yes,South,Low,None,63341.48,0,22869.61
CUST-0993,27,Male,26.67,2,Yes,East,Medium,Hypertension,73966.5,1,26374.85
CUST-1042,59,Male,22.17,0,No,West,High,None,58299.78,1,16952.07
CUST-0807,44,Female,29.59,2,No,WEST,Medium,Hypertension,95217.5,2,21543.43
CUST-0576,35,Female,35.8,1,No,West,Low,None,37174.42,1,12921.21
CUST-0817,20,Female,37.61,1,No,North,Medium,Diabetes,75956.35,2,16776.59
CUST-0171,23,Female,18.64,3,No,East,High,Hypertension,60798.47,1,13064.02
CUST-0290,40,Female,31.55,1,No,West,Low,None,58349.98,0,13721.11
CUST-0865,58,FEMALE,16.13,4,Yes,South,Medium,None,33552.16,1,26383.43
CUST-0591,56,Male,30.07,2,No,South,Medium,None,25151.18,3,20253.0
CUST-1149,51,Male,27.32,0,Yes,North,Medium,None,64109.43,2,33846.72
CUST-0597,45,Male,17.39,2,No,East,Medium,None,100192.55,1,13625.69
CUST-0753,22,Male,30.98,2,No,East,High,both,60555.78,1,16200.3
CUST-0933,30,Female,23.66,0,No,East,Low,None,67701.74,2,10991.27
CUST-0448,63,Male,22.68,4,No,North,High,Hypertension,67887.59,2,20664.11
CUST-1082,65,Female,35.25,1,Yes,South,Low,None,76417.81,4,36455.41
CUST-0359,22,Male,31.62,2,No,West,Low,Diabetes,51657.49,1,17386.68
CUST-1031,41,Female,32.55,1,No,North,Low,Hypertension,50683.44,1,15247.77
CUST-0271,32,Female,34.32,1,Yes,West,Low,None,61843.81,1,28577.94
CUST-0309,33,Female,28.05,1,No,North,Medium,None,80906.71,0,8693.69
CUST-1049,50,Male,30.36,3,No,North,Medium,Hypertension,59883.38,2,20308.64
CUST-0382,62,Female,32.31,0,No,West,LOW,None,46093.83,1,21042.96
CUST-0234,54,Male,38.9,2,Yes,South,Low,None,47667.11,3,33366.08
CUST-0011,43,Male,23.91,3,Yes,South,Medium,Diabetes,63152.06,4,34310.47
CUST-0148,29,Female,35.18,4,No,North,Medium,None,83142.61,1,11059.96
CUST-1191,37,Male,24.13,2,No,North,Low,None,52285.28,1,14083.83
CUST-1135,47,Male,38.81,2,No,North,Medium,None,36298.18,1,13864.99
CUST-0515,64,Female,29.95,3,No,North,Medium,None,70700.09,1,21053.33
CUST-0333,32,Female,18.46,3,no,South,High,None,85646.48,4,15402.45
CUST-0552,36,Male,28.61,4,No,West,High,Both,36610.51,0,15470.93
CUST-0724,23,Male,22.3,0,No,West,Medium,None,48087.85,2,10072.51
CUST-1249,33,Male,28.54,2,No,West,Low,Hypertension,68565.01,1,17110.58
CUST-0297,58,Female,29.92,1,No,North,Low,None,55332.76,1,24271.19
CUST-0554,33,Male,34.72,4,No,South,Low,Both,48443.22,0,16682.87
CUST-0304,61,Female,37.63,2,No,South,Medium,None,101514.08,1,18958.41
CUST-0332,35,Male,28.03,2,No,North,Low,None,200269.56,2,16057.83
CUST-0651,41,Female,31.3,3,Yes,North,Medium,None,43229.77,3,30220.01
CUST-1171,48,Male,33.74,3,No,West,Medium,None,30140.31,1,15705.17
CUST-0426,27,Female,28.24,0,No,South,Medium,Hypertension,50083.61,0,16185.54
CUST-1238,23,Male,27.0,4,No,East,High,Diabetes,38569.02,1,10826.58
CUST-0295,44,Male,41.88,2,No,WEST,Low,None,24886.74,0,14011.89
CUST-0136,32,Male,28.82,2,No,South,Low,None,65277.09,3,16064.53
CUST-0248,37,Female,25.01,3,Yes,South,,None,85881.79,1,24762.62
CUST-0625,47,Male,38.67,0,No,West,Medium,None,69364.39,2,18354.48
CUST-0491,62,Male,30.97,2,No,North,Medium,None,96923.45,0,19759.73
CUST-0375,60,Female,23.39,0,Yes,East,High,None,36425.75,5,33244.96
CUST-1225,38,Male,35.67,0,No,East,low,HYPERTENSION,82131.73,3,24035.0
CUST-1202,40,female,37.91,1,No,south,Medium,None,64207.35,0,15689.67
CUST-0810,65,Male,29.07,0,No,South,Low,Both,72495.71,1,25280.5
CUST-0159,42,Male,32.01,1,No,North,Low,None,57500.53,1,15257.24
CUST-0141,65,Male,41.36,1,Yes,North,Medium,Diabetes,48123.02,2,35771.96
CUST-0353,32,Female,22.29,2,No,West,Low,Hypertension,28573.21,1,14072.73
CUST-0328,19,Female,34.71,4,No,West,Low,None,44638.38,3,17512.93
CUST-0245,48,Male,40.57,3,No,North,Low,None,61506.67,3,19738.51
CUST-0908,26,Female,29.77,3,No,North,Low,None,36070.86,4,17819.41
CUST-1094,36,Female,29.58,1,No,North,Medium,Hypertension,63019.92,2,17995.08
CUST-1204,54,Male,25.58,1,No,East,low,Hypertension,69161.41,1,15530.0
CUST-0310,23,Female,28.33,1,Yes,South,High,Diabetes,32691.65,1,26337.55
CUST-0066,33,Male,28.15,2,Yes,South,Low,None,45188.31,3,24587.15
CUST-0674,22,Male,30.74,3,No,South,Low,None,64180.05,2,16771.62
CUST-0768,41,Female,26.03,4,No,South,Medium,Diabetes,89437.67,3,16258.85
CUST-0824,49,Male,35.68,3,No,West,Low,None,230955.48,1,16034.42
CUST-1092,39,Male,26.44,4,Yes,East,Medium,Diabetes,60807.26,1,25901.44
CUST-1171,48,Male,33.74,3,No,West,Medium,None,30140.31,1,15705.17
CUST-0965,63,Male,33.24,3,No,South,High,None,,1,16445.86
CUST-0097,29,Female,22.18,2,No,South,Low,Hypertension,85061.82,2,14749.59
CUST-0185,41,Male,33.07,1,No,East,Low,None,58211.16,3,22281.35
CUST-0299,31,Male, 35.05 ,3,Yes,South,LOW,None,21421.07,1,24942.86
CUST-0255,49,Female,20.65,4,Yes,East,High,None,40604.28,0,26912.09
CUST-0164,37,Female,30.6,4,Yes,South,Medium,None,56047.65,1,26447.29
CUST-0486,29,Female,30.76,3,No,North,Medium,Hypertension,72276.99,0,11214.01
CUST-0680,62,Female,16.13,2,No,SOUTH,High,Diabetes,65262.26,2,21670.89
CUST-0222,39,Female,28.98,1,No,South,Medium,Both,78568.47,0,21518.37
CUST-0244,49,Male,30.06,0,No,North,Medium,None,59750.81,0,16032.1
CUST-0033,22,male,26.94,0,YES,West,Low,None,63740.2,1,24026.27
CUST-0157,24,Male,20.11,2,Yes,West,Low,None,58355.57,0,23859.38
CUST-0383,63,Male,31.49,2,No,East,Medium,Diabetes,36543.17,2,20625.18
CUST-1063,24,Female,21.58,3,No,EAST,Low,None,53510.68,0,11556.35
CUST-0366,42,Male,31.64,3,No,North,Low,None,51141.19,1,18303.05
CUST-0498,35,Male,16.0,2,No,North,High,Diabetes,107526.17,1,12009.54
CUST-0391,53,Female,27.56,4,Yes,North,Low,Hypertension,18000.0,1,27169.19
CUST-0340,63,Male,27.23,3,No,South,Medium,None,84793.71,2,23022.38
CUST-0994,38,Male,32.21,1,No,West,Medium,Hypertension,57186.38,0,18717.83
CUST-0479,49,Male,20.93,2,No,EAST,,None,,2,16600.29
CUST-0765,35,Female,39.27,0,No,West,Medium,None,50238.79,2,16332.88
CUST-0329,24,Male,30.97,1,No,East,medium,None,81831.83,0,9109.72
CUST-0668,59,Male,38.32,2,No,West,Low,Diabetes,69339.25,2,26930.83
CUST-0715,62,Female,34.87,4,No,West,Medium,None,40510.21,2,23212.71
CUST-1044,35,Female,31.03,3,Yes,South,Medium,None,22575.28,0,22153.13
CUST-0619,20,Male,22.57,1,No,West,Low,None,98168.8,1,27611.25
CUST-0789,44,Female,32.19,2,No,East,Medium,Hypertension,82294.03,0,20510.48
CUST-0615,50,Female,24.07,4,No,South,Medium,None,62927.82,1,15312.75
CUST-1043,37,Male, 31.56 ,2,No,West,Medium,None,82235.7,1,13063.43
CUST-0179,61,Male,26.14,4,No,West,Medium,Diabetes,35300.74,0,16792.44
CUST-0423,54,Male,18.56,2,No,South,Low,None,55773.18,0,18021.08
CUST-1211,47,Male,30.13,3,Yes,West,Medium,None,,2,88835.25
CUST-0969,62,Male,17.95,2,No,East,Low,None,48831.88,0,15380.69
CUST-0378,53,FEMALE,20.76,4,No,West,Medium,None,49596.91,0,12639.55
CUST-0853,64,Male,35.48,3,Yes,West,Medium,None,35305.27,2,34233.84
CUST-0089,54,Female,33.31,0,Yes,South,Low,NONE,58716.87,1,25885.78
CUST-0918,55,Female,43.99,3,No,East,Medium,None,47271.94,2,21898.11
CUST-0938,25,Male,34.04,0,NO,West,Medium,none,72580.37,1,9792.49
CUST-0428,56,Male,32.62,1,No,West,Low,None,64935.09,2,19998.77
CUST-0949,63,Female,37.57,0,No,South,Medium,Diabetes,57284.42,1,21001.77
CUST-0678,22,Male,24.64,3,No,West,Low,Hypertension,70907.19,0,17451.78
CUST-0630,35,Male,20.22,2,No,South,Low,None,107144.43,1,13762.27
CUST-0286,63,Male,22.17,4,No,North,Low,None,56389.66,0,15804.23
CUST-1195,43,Female,16.0,2,Yes,South,Medium,None,116459.2,1,24390.09
CUST-0990,55,Female,33.25,3,No,East,High,Hypertension,21182.22,0,16550.22
CUST-0267,39,Male,32.29,0,Yes,North,Low,None,82356.59,3,30407.18
CUST-0060,50,Female,31.81,0,No,East,Low,None,45607.12,1,17575.64
CUST-0528,24,Male,38.66,0,No,West,Low,None,37768.89,3,13236.05
CUST-0932,51,Male,25.2,3,Yes,North,Medium,DIABETES,62783.85,1,30499.67
CUST-1152,42,Female,38.68,4,No,North,Medium,None,63865.23,2,17821.39
CUST-0924,24,Female,34.75,4,No,North,Medium,None,74621.98,0,8099.12
CUST-1143,62,Female,,3,Yes,North,Medium,Hypertension,26070.75,0,30126.02
CUST-0514,57,Female,26.22,3,Yes,South,High,None,74686.97,0,29027.48
CUST-1040,57,Male,16.0,0,No,South,Medium,Hypertension,64802.08,1,17321.14
CUST-1041,51,Male,35.91,1,No,West,High,None,92447.18,0,15538.9
CUST-0603,53,Male,33.62,0,No,South,Medium,Diabetes,45865.32,0,17630.36
CUST-0725,55,Female,25.3,0,No,North,Medium,Hypertension,89796.63,0,20601.49
CUST-1064,51,Male,41.19,1,Yes,South,Low,Hypertension,47220.64,1,31569.74
CUST-0377,53,Female,20.9,2,No,East,Medium,Diabetes,42092.8,1,20308.75
CUST-0084,57,Female,25.4,0,No,East,Low,Hypertension,56981.47,2,21613.46
CUST-0130,48,Female,26.23,0,No,East,Medium,None,85083.9,2,17187.7
CUST-0935,39,Female,27.24,3,No,West,Medium,None,36050.84,1,12051.35
CUST-0395,52,Male,28.15,4,No,west,Low,None,94772.04,0,16422.51
CUST-1002,53,Female,29.59,1,No,South,high,None,90060.54,2,17910.02
CUST-1032,26,Male,25.65,1,No,East,Medium,Diabetes,67227.95,0,11009.99
CUST-0261,56,Male,28.32,0,No,West,Low,None,52757.36,1,16868.88
CUST-0589,58,Male,27.61,1,No,South,Low,None,86538.86,0,17864.33
CUST-0772,65,Female,27.7,4,No,South,Medium,Both,60920.81,3,27234.23
CUST-0979,34,Male,23.31,2,No,West,Medium,Hypertension,64692.41,3,19049.07
CUST-0614,36,Male,39.16,4,No,West,Low,Diabetes,75181.83,4,23057.81
CUST-0139,34,Female,21.49,1,Yes,South,Low,Both,70280.9,1,30185.31
CUST-0293,63,Male,16.44,0,No,North,Medium,None,62099.11,1,16670.37
CUST-1027,21,Male,37.12,1,No,South,Medium,Diabetes,64039.98,1,7310.21
CUST-0142,28,Female,32.39,2,Yes,West,Low,None,88936.72,0,23862.03
CUST-0875,51,female,25.6,0,No,North,Medium,Hypertension,63667.7,1,19696.98
CUST-0713,52,Male,25.88,4,Yes,West,Low,Both,70019.34,0,30922.47
CUST-0454,19,Male,29.51,1,No,East,Low,None,57160.2,0,9628.29
CUST-0140,38,Female,31.69,0,No,South,Medium,None,48087.38,0,11933.24
CUST-0439,21,Female,32.83,0,No,North,Low,None,50109.91,0,6188.72
CUST-0934,49,Female,35.31,0,NO,South,Medium,None,91421.55,1,14850.8
CUST-0225,52,Female,21.77,4,No,South,Low,Hypertension,95668.75,2,23608.48
CUST-0757,53,Male,28.04,1,Yes,South,Low,None,53146.52,0,29466.19
CUST-0275,38,Female,31.54,4,No,East,High,Both,36355.45,1,15384.1
CUST-0324,-1,Female,19.04,1,No,South,Low,Diabetes,37623.11,0,17875.42
CUST-0944,40,Male,24.48,3,No,East,Low,Hypertension,40155.93,1,16180.02
CUST-1148,54,Male,23.31,4,Yes,South,Medium,Hypertension,57020.62,2,31986.02
CUST-0468,46,Male,23.14,3,No,West,High,Both,74370.6,2,20871.05
CUST-0702,47,Female,16.0,4,No,South,Low,None,80541.24,1,14541.99
CUST-1118,46,Male,19.87,1,No,East,Low,Hypertension,85444.45,0,16962.11
CUST-0443,24,Female,31.91,0,N,West,Medium,None,37605.49,1,11129.2
CUST-0629,42,Female,34.95,2,No,East,Medium,Both,28083.45,3,25754.59
CUST-0940,42,Female,,2,No,South,Low,None,122578.7,1,13269.12
CUST-0681,52,Male,27.85,0,Yes,East,High,Diabetes,35016.88,0,26002.83
CUST-0738,34,Male,31.02,0,No,East,Medium,None,97883.0,3,15097.44
CUST-0835,59,Male,30.13,3,Yes,North,Low,None,37050.49,1,29388.5
CUST-0546,20,Male,29.94,4,No,South,Low,None,44119.57,1,14271.98
CUST-0980,45,Female,29.73,0,No,East,High,None,82392.91,0,12041.58
CUST-0523,27,Male,21.02,2,No,East,High,None,45670.13,0,9158.39
CUST-0362,60,Male,21.67,1,No,South,High,Diabetes,79996.61,0,16604.92
CUST-0536,25,Male,35.04,3,No,East,Low,None,81222.86,3,22700.49
CUST-0652,49,Female,30.47,1,No,East,High,None,69876.05,1,13879.07
CUST-0322,23,Male,23.55,3,No,East,Low,None,75930.41,0,7068.51
CUST-0813,50,Male,33.0,3,No,East,medium,Hypertension,59321.62,2,23236.05
CUST-0701,42,Female,36.88,1,No,South,Low,None,66487.99,1,15982.01
CUST-0936,63,Male,30.29,1,Yes,East,Low,Both,54472.65,3,38701.17
CUST-0381,18,Female,31.84,1,No,East,Medium,Hypertension,46582.56,2,14563.8
CUST-0040,48,Female,31.37,1,No,East,Medium,Hypertension,31634.66,2,22162.21
CUST-0031,39,Female,35.98,2,No,South,Low,None,356722.12,1,17736.98
CUST-0243,22,Male,43.76,1,No,East,Medium,Hypertension,57760.87,3,20835.85
CUST-0846,18,Female,22.72,4,No,North,Medium,None,57699.33,1,4758.29
CUST-0137,46,Female,27.93,4,Yes,East,Low,None,79354.61,4,32090.92
CUST-0311,49,Male,26.87,2,Yes,North,Medium,Both,43878.69,2,32795.57
CUST-1120,41,Male,29.29,3,No,North,Low,None,39348.25,4,18236.57
CUST-0778,23,Female,32.88,4,Yes,West,,Both,59570.01,0,27493.58
CUST-1224,49,Male,31.21,4,No,North,Low,Both,54246.09,0,17405.4
CUST-1113,27,Female,16.0,0,Yes,East,Low,None,78883.88,3,24148.85
CUST-0931,43,female,25.04,3,Yes,East,Medium,Diabetes,64859.26,0,27189.37
CUST-0555,65,Male,23.81,0,Yes,East,Medium,None,31538.56,1,24089.91
CUST-0004,39,Female,16.0,1,No,South,High,None,99327.22,1,12600.83
CUST-0112,55,Male,35.5,4,Yes,East,High,None,59591.42,1,26905.61
CUST-0129,45,Female,32.22,1,No,East,High,Hypertension,58606.57,2,20234.72
CUST-1088,65,Female,23.98,2,No,South,High,None,68335.45,0,15629.58
CUST-0478,18,Female,19.75,4,No,South,Low,None,72374.87,1,9696.04
CUST-0913,36,Male,43.18,4,No,east,High,None,52943.29,0,12997.26
CUST-0937,25,Male,29.11,2,No,North,Medium,None,,0,14578.53
CUST-0537,39,Male,24.7,1,Yes,West,Medium,Hypertension,60690.99,0,29448.92
CUST-0425,38,Female,29.55,4,No,East,High,Hypertension,66921.93,1,18005.72
CUST-0315,29,Female,16.26,1,No,North,Low,Diabetes,92238.37,0,7443.16
CUST-1020,23,Female,39.31,4,No,North,Low,None,80440.16,1,12735.73
CUST-0320,54,Female,22.28,4,Yes,North,Medium,Both,61566.49,1,29938.1
CUST-1121,18,Male,26.45,0,No,West,Low,None,73105.9,0,8096.71
CUST-0436,23,Female,25.2,2,No,West,Low,None,67401.52,1,12436.26
CUST-0006,59,Male,37.71,0,No,South,Medium,None,51330.04,0,18212.58
CUST-0101,57,Male,33.01,2,No,East,Low,None,78561.26,2,21264.8
CUST-0850,47,Male,31.85,4,Yes,East,Medium,Diabetes,71199.99,1,27628.76
CUST-1025,57,Male,23.9,2,No,West,Medium,Hypertension,101560.23,0,20485.9
CUST-0542,20,Female,33.4,4,Yes,North,Low,Hypertension,61844.98,1,25461.84
CUST-1151,35,Male,45.2,1,No,East,Low,None,87079.38,0,12194.37
CUST-0901,18,Male,32.53,0,No,East,High,None,63723.4,0,11205.42
CUST-0571,63,Male,33.76,2,No,East,,Both,50530.61,0,21653.63
CUST-0463,53,Female,35.63,4,Yes,East,Low,Hypertension,35672.6,2,30146.78
CUST-0645,54,Male,31.94,0,Yes,North,Medium,Diabetes,48544.89,0,28831.56
CUST-0228,45,male,31.74,2,No,South,Medium,None,71105.99,0,10107.39
CUST-0788,50,Male,25.37,0,No,South,Medium,None,67555.44,0,13977.43
CUST-0582,58,Female,27.48,0,No,East,Medium,Both,37841.75,0,22179.62
CUST-0706,45,Male,20.41,3,No,North,High,Both,68087.44,3,23120.31
CUST-0463,53,Female,35.63,4,Yes,East,Low,Hypertension,35672.6,2,30146.78
CUST-0067,61,Female,36.9,1,Yes,East,High,Diabetes,62390.52,2,37687.54
CUST-0068,35,Female,16.04,2,No,North,Medium,None,66051.23,1,13813.31
CUST-0888,27,Male,18.87,4,No,North,High,Diabetes,34415.75,4,17950.42
CUST-0212,52,Male,23.85,4,No,West,Low,None,31347.78,3,17056.49
CUST-0013,53,Male,34.02,1,No,West,Low,Hypertension,21137.49,1,19817.76
CUST-0562,20,Female,31.34,3,Yes,South,Medium,Diabetes,98308.12,0,21952.63
CUST-0714,54,Female,23.19,0,No,North,High,Both,18000.0,2,20478.7
CUST-0300,19,Male,,0,Yes,West,High,None,53606.87,3,20677.0
CUST-1046,25,Female,32.92,1,Yes,West,Medium,None,62609.15,1,25715.92
CUST-1222,44,Male,23.56,3,No,North,Medium,None,91871.11,0,17465.29
CUST-1132,50,Male,23.49,3,Yes,South,Medium,Hypertension,77728.94,1,28748.01
CUST-1215,21,Male,29.4,3,No,South,High,NONE,109990.27,2,10015.41
CUST-0843,61,Female,26.44,3,Yes,East,Medium,Both,34768.48,2,35435.34
CUST-1197,52,Female,23.91,0,No,South,Low,Both,74235.45,3,29992.85
CUST-0429,19,Female,16.0,0,Yes,West,High,None,41032.34,3,67405.08
CUST-0585,37,Male,26.01,0,No,South,High,Diabetes,64592.39,0,12914.82
CUST-0755,44,Female,26.83,3,No,North,Low,None,75513.9,0,17272.96
CUST-1179,30,Female,19.21,3,No,East,Medium,Diabetes,53856.06,1,14054.26
CUST-0761,26,Male,21.19,4,No,North,Medium,None,64192.79,3,12891.69
CUST-0627,34,Male,25.86,4,No,West,Medium,None,,1,15122.51
CUST-1091,42,Male,31.79,0,No,West,Medium,None,88242.76,3,15451.68
CUST-0274,64,Male,20.99,2,No,East,Medium,None,58321.45,2,18275.43
CUST-1030,34,Female,35.34,1,No,North,Low,None,81218.63,0,11185.29
CUST-0363,28,Female,29.68,4,No,South,Low,Diabetes,82875.7,2,17795.95
CUST-0238,38,Male,32.66,2,No,East,High,None,18000.0,3,18547.16
CUST-1156,46,Female,34.39,0,No,East,Medium,None,47277.97,0,14316.97
CUST-0504,59,Male, 26.22 ,4,No,South,Low,None,33136.0,1,18763.34
CUST-0003,49,Male,18.27,4,No,North,High,None,91393.07,1,18259.1
CUST-0007,22,Male,29.22,1,Yes,East,Medium,None,39274.46,2,21870.51
CUST-1103,62,Female,27.71,0,No,West,Low,None,80713.5,1,17930.35
CUST-0312,50,Male,36.19,2,No,East,Low,Both,72025.18,0,22104.33
CUST-1235,48,Male,,2,Yes,north,Medium,None,62690.95,1,29556.95
CUST-0430,52,Female,33.52,2,No,North,Medium,None,49276.46,0,18618.11
CUST-0549,42,Male,25.59,2,No,West,Medium,Diabetes,80736.96,1,19400.09
CUST-0673,48,Female,22.91,2,No,West,Medium,Diabetes,20989.76,4,18945.32
CUST-1228,65,Male,33.04,4,No,West,Low,Diabetes,84209.93,2,24230.89
CUST-0216,31,Male,34.12,2,No,North,Medium,Diabetes,,3,17932.18
CUST-0916,40,Female,36.12,4,No,North,Low,None,90796.75,1,18788.8
CUST-0028,57,Female,23.29,3,No,West,High,hypertension,49598.05,2,21981.56
CUST-1217,42,Male,20.06,1,No,East,Medium,None,102113.96,0,8705.37
CUST-0452,62,Male,25.18,3,Yes,South,Low,None,37449.46,0,28323.64
CUST-0931,43,female,25.04,3,Yes,East,Medium,Diabetes,64859.26,0,27189.37
CUST-0889,18,Female,25.07,4,No,South,Medium,Hypertension,48379.01,5,19389.15
CUST-0539,43,Male,25.43,3,Yes,South,Low,None,57708.9,2,28697.62
CUST-0946,23,Female,24.89,3,Yes,North,Low,None,77663.12,2,25806.02
CUST-0815,55,Female,30.77,0,No,East,Low,Hypertension,56637.5,2,22308.94
CUST-1172,48,Female,25.69,3,Yes,West,Medium,Hypertension,37210.44,2,33179.19
CUST-0355,64,Male,34.02,0,No,East,Low,None,73072.98,5,25639.82
CUST-1107,29,Male,32.1,2,No,North,Low,None,60046.98,1,9578.08
CUST-0495,31,Male,35.85,2,Yes,East,Medium,Hypertension,57810.94,5,35007.34
CUST-0257,50,Female,30.18,1,No,EAST,Medium,None,105480.55,2,17333.74
CUST-0292,30,Male,32.59,1,Yes,North,Low,None,43698.49,2,27628.14
CUST-0026,48,Female,39.12,3,Yes,East,Medium,Both,32459.41,0,34705.74
CUST-0337,64,Female,19.78,1,No,West,High,Diabetes,109140.47,0,18873.69
CUST-0482,57,Female,32.04,3,No,South,Low,Diabetes,48154.42,1,18683.23
CUST-0048,60,Female,30.1,2,Yes,East,Medium,None,60472.62,1,28947.22
CUST-0319,63,Female,35.59,3,No,North,Medium,None,28353.51,0,17157.69
CUST-0107,55,Male,24.78,3,No,East,Medium,None,87818.37,1,20180.78
CUST-0891,22,Female,27.77,3,No,West,Low,None,101079.02,5,19772.53
CUST-0056,20,Female,33.18,1,Yes,South,Medium,None,31154.44,0,17985.26
CUST-0580,22,Female,27.64,3,No,West,Medium,None,58432.69,3,12823.53
CUST-0214,39,Male,35.21,2,No,West,High,None,68574.66,1,13250.82
CUST-0121,39,Female,32.05,4,No,West,Low,Both,27894.47,0,14574.43
CUST-0623,25,Female,30.86,2,No,South,Medium,Diabetes,25324.4,0,7271.47
CUST-1147,43,Female,39.23,0,No,North,High,Diabetes,62653.94,3,24091.78
CUST-1126,58,Female,34.73,1,No,North,Medium,Diabetes,37445.62,0,19823.51
CUST-0073,40,Female,21.28,1,No,South,Medium,Hypertension,55991.86,2,26567.36
CUST-0411,26,Female,30.69,3,No,West,HIGH,None,71673.56,0,9655.51
CUST-0666,51,Female,19.42,1,No,South,Medium,Diabetes,71370.29,1,18738.37
CUST-0893,43,Female,38.19,0,No,West,High,None,52741.41,0,12694.5
CUST-0856,58,Male,28.28,2,No,East,Low,Hypertension,76536.99,2,23995.91
CUST-0433,57,Male,28.76,2,No,north,Low,None,61162.68,0,17706.35
CUST-0553,57,Male,21.96,4,No,East,Low,Diabetes,29524.11,0,22538.09
CUST-0998,35,Male,35.57,4,No,South,Low,None,35855.66,0,12776.93
CUST-0873,23,Female,28.91,3,No,West,High,None,54256.78,0,7644.05
CUST-1098,54,Female,31.23,2,No,North,Medium,None,63746.88,3,22638.58
CUST-0622,40,Male,30.05,4,Yes,South,Medium,Diabetes,53309.03,3,31568.57
CUST-0520,46,Male,20.56,2,No,North,Medium,Diabetes,108600.62,2,18840.62
CUST-0595,33,Female,29.75,2,No,North,Low,None,44830.01,1,10903.18
CUST-0326,29,Male,38.9,4,No,East,Medium,hypertension,62739.43,2,16584.83
CUST-0911,54,Female,29.33,1,No,South,High,Both,94376.81,4,27871.38
CUST-1240,19,Male,24.37,0,No,North,Low,Hypertension,18711.94,0,13253.93
CUST-0317,53,Female,32.94,0,No,South,Medium,NONE,20554.75,1,15742.11
CUST-1112,29,Female,32.7,3,No,East,Low,None,77593.46,1,15849.45
CUST-0925,29,Male,31.48,0,No,North,Low,None,45703.13,2,15175.48
CUST-0466,64,Female,27.76,1,Yes,East,Medium,Hypertension,93735.67,0,28616.23
CUST-0586,62,Male,26.75,0,No,South,High,None,74836.3,0,12808.84
CUST-0803,42,Male,29.33,1,No,East,Medium,Diabetes,76285.68,0,17932.65
CUST-1078,25,Male,36.58,3,Yes,East,Medium,None,79369.35,0,22540.71
CUST-1103,62,Female,27.71,0,No,West,Low,None,80713.5,1,17930.35
CUST-0606,43,Female,27.88,1,No,East,Medium,None,75050.83,1,15682.4
CUST-0061,62,female,25.63,3,No,North,Low,None,70403.19,3,21621.39
CUST-0434,24,Female,36.75,1,No,West,Medium,Diabetes,74189.43,1,12686.02
CUST-0922,45,Female,27.32,3,Yes,North,High,Diabetes,57550.72,3,30695.34
CUST-0093,58,Male,23.32,3,Yes,South,Low,None,30181.24,3,33749.45
CUST-1014,33,Female,33.09,1,No,West,Medium,None,26727.2,1,15769.11
CUST-1075,40,Female,35.52,4,Yes,East,Medium,Hypertension,25405.26,0,29319.97
CUST-0352,20,Female,,4,Yes,East,Low,None,45585.35,2,24924.16
CUST-0195,64,Male,29.45,0,No,West,High,Diabetes,71259.34,2,18702.07
CUST-0281,31,Male,27.31,2,No,West,Low,Diabetes,50452.67,1,15083.33
CUST-0708,45,Female,35.87,2,No,South,High,None,51570.13,1,15167.02
CUST-0494,46,Male,31.11,0,No,North,Medium,None,76809.56,1,15532.95
CUST-0360,53,Male,29.42,0,Yes,North,Medium,None,36959.04,0,22267.27
CUST-1220,39,Male,30.14,0,No,West,Medium,None,55279.2,2,19665.51
CUST-0781,60,Female,30.04,2,No,North,Medium,None,43692.88,0,18197.04
CUST-1160,34,Male,39.38,1,No,South,,None,72081.18,1,16651.94
CUST-0584,20,Male,28.58,0,No,West,Low,None,47208.84,1,10402.29
CUST-1190,18,Male,25.18,3,Yes,North,Low,Hypertension,61839.05,0,27727.32
CUST-0827,50,Male,35.22,2,Yes,North,Medium,Diabetes,57635.64,4,32572.92
CUST-0804,62,Female,25.41,3,Yes,South,High,None,38909.35,2,29833.83
CUST-0183,41,Male,33.24,0,No,South,Low,None,59071.1,4,19623.4
CUST-1115,27,Female,30.55,0,No,East,Medium,Both,78017.51,1,21221.09
CUST-1213,40,Male,42.56,0,No,East,high,None,45040.94,1,13324.94
CUST-0111,31,Male,30.92,2,No,South,High,None,37500.74,5,18330.44
CUST-0371,34,Male,28.76,3,No,West,Medium,Hypertension,55357.91,0,12479.24
CUST-0459,58,Male,30.34,3,Yes,West,Low,None,27903.39,0,26164.14
CUST-0240,48,Female,27.05,1,No,West,Medium,None,49720.66,1,16136.03
CUST-0786,46,Female,43.23,3,Yes,West,Medium,None,32248.67,4,32554.52
CUST-0696,30,Male,32.2,0,No,North,MEDIUM,None,66726.92,1,10277.49
CUST-0655,44,Male,27.2,1,No,South,Medium,None,60491.3,2,12679.2
CUST-0205,39,Female,35.52,1,No,North,Low,Both,69150.98,0,18033.64
CUST-0590,58,Female,26.96,3,No,South,Medium,None,43740.6,1,14846.6
CUST-0900,47,Female,30.73,1,Yes,South,Medium,None,67456.3,1,26465.47
CUST-0717,42,Male,18.84,0,Yes,North,Low,None,84065.93,2,25208.05
CUST-1033,53,Male,19.69,0,No,South,Medium,None,61719.37,2,15642.32
CUST-0611,58,Female,24.05,4,No,North,Low,Diabetes,66412.52,1,20923.21
CUST-1101,41,Female,32.58,0,No,East,High,Hypertension,58194.63,1,14947.93
CUST-0184,51,Female,28.37,1,No,West,Low,None,,0,13994.9
CUST-0138,19,Male,32.99,1,No,south,Low,Diabetes,66270.29,1,11913.06
CUST-0733,62,Male,24.84,2,No,West,Low,Diabetes,48060.09,0,17166.83
CUST-0081,63,Male,31.1,1,No,North,High,None,82320.39,3,19091.2
CUST-0882,58,Female,34.37,1,No,East,Low,None,33638.62,1,17299.46
CUST-0530,62,Female,21.37,3,No,North,Medium,None,39467.04,2,18781.22
CUST-1123,30,Male,46.66,3,No,East,Low,None,69259.9,3,18088.82
CUST-0166,57,Female,38.64,2,No,East,Medium,Hypertension,50703.08,3,21664.32
CUST-0249,55,Male,24.21,4,No,West,Low,Diabetes,82677.93,2,18989.02
CUST-0308,44,Female,16.0,2,No,West,Low,Diabetes,54210.49,0,14004.63
CUST-0849,57,female,31.19,0,No,East,High,None,26501.02,3,20749.98
CUST-0535,45,Female,26.45,3,No,South,Medium,None,44696.67,2,16948.1
CUST-0335,40,Female,32.92,3,No,East,Medium,None,46720.7,0,11671.52
CUST-0098,50,Female,34.49,0,No,South,High,None,46172.42,0,14785.87
CUST-0794,57,Female,22.61,2,No,East,Low,None,89532.14,3,24006.21
CUST-0677,45,Male,35.85,2,No,South,Medium,None,24921.82,1,17226.86
CUST-0896,47,Male,,2,No,West,Low,Hypertension,47201.78,3,19982.1
CUST-0842,49,Male,33.12,1,No,West,Low,None,72674.66,2,19860.26
CUST-1080,58,Male,26.86,0,No,West,Medium,None,44987.48,1,16235.77
CUST-1050,23,FEMALE,28.29,3,No,East,Low,Both,94047.15,1,14670.4
CUST-1141,60,Male,22.15,3,Yes,East,Low,None,95051.82,3,31542.49
CUST-0303,18,Female,25.07,1,No,North,Low,Diabetes,61041.98,3,16731.21
CUST-1034,33,Female,24.88,4,No,North,Medium,Diabetes,49486.12,1,13555.91
CUST-0389,60,Male,37.34,1,Yes,South,Medium,None,65753.85,1,31622.06
CUST-0236,52,Female,25.82,2,No,East,high,Hypertension,89850.76,3,22669.56
CUST-0904,60,Female,30.17,0,No,South,Low,None,52622.17,2,15130.04
CUST-0847,25,Female,20.53,4,No,North,Medium,Hypertension,102401.32,1,15971.37
CUST-0306,24,Male,17.51,3,No,South,Low,None,52975.09,1,7714.08
CUST-1237,18,Male,26.18,2,Yes,East,High,None,46248.57,0,18313.09
CUST-1024,58,Male,28.94,1,Yes,East,Low,None,18000.0,2,31370.48
CUST-0250,19,Female,32.35,2,No,South,High,Diabetes,76675.0,0,10871.43
CUST-0844,19,Male,18.28,0,No,South,Low,None,46990.64,0,7767.38
CUST-0072,27,Male,31.05,4,Yes,North,Low,Diabetes,,1,31269.19
CUST-0095,61,Male,16.0,1,NO,South,Medium,None,54720.94,2,17437.39
CUST-0773,18,Female,30.73,2,No,West,High,Diabetes,24016.99,1,15621.96
CUST-0034,44,Female,18.29,4,No,North,medium,None,52306.0,2,19214.08
CUST-0920,48,Female,31.51,3,Yes,West,Medium,None,50405.2,3,31683.41
CUST-0449,43,Male,28.86,2,No,South,Medium,Diabetes,57825.64,0,16115.02
CUST-0446,49,Female,30.3,0,No,South,Medium,Diabetes,60576.6,1,20711.48
CUST-0919,30,Female,27.16,3,No,North,Low,None,58330.5,3,15071.28
CUST-1122,22,Female,30.02,3,No,West,Medium,None,55878.28,1,7067.06
CUST-0756,39,Male,34.44,0,Yes,East,Medium,None,72055.43,4,27033.05
CUST-0078,28,Male,26.78,0,No,West,Medium,Diabetes,79815.26,1,16085.51
CUST-0085,48,Female,22.32,4,Yes,North,Low,Hypertension,45448.63,0,28351.41
CUST-0598,55,Female,17.26,1,Yes,North,Low,None,50173.64,2,29767.86
CUST-0083,25,Male,19.73,4,No,East,Medium,hypertension,32925.43,1,13080.43
CUST-0458,48,Female,19.59,1,No,West,Low,None,51980.24,2,16772.85
CUST-0711,50,Female,29.16,2,No,South,High,Hypertension,18000.0,2,18406.43
CUST-0821,19,Male,30.21,2,No,South,Medium,None,86138.09,2,12394.12
CUST-0437,45,Male,26.36,3,Yes,South,High,None,60682.07,1,25871.88
CUST-1114,32,Male,38.61,4,Yes,East,Medium,None,92706.99,2,29669.49
CUST-1196,48,Female,26.18,3,No,North,Medium,Hypertension,57715.28,1,17886.53
CUST-0405,41,Male,31.51,2,No,North,Medium,None,52397.34,2,14431.12
CUST-1100,38,Female,29.85,0,No,East,Low,Hypertension,46558.85,2,21770.45
CUST-0669,62,Male,26.67,1,Yes,South,Low,Hypertension,89199.55,2,36178.33
CUST-0716,56,Female,34.04,1,No,North,High,Hypertension,86218.88,3,26009.19
CUST-0105,56,Male,20.29,1,No,West,Medium,Both,64450.47,1,21132.03
CUST-0737,53,Female,29.85,2,No,West,Low,Hypertension,92335.51,1,21433.34
CUST-0667,42,Male,33.99,1,No,East,Medium,Diabetes,67464.67,2,18446.96
CUST-0063,35,Female,25.78,4,No,South,Low,None,62323.44,2,15972.19
CUST-0282,41,Male,22.66,0,Yes,South,Low,None,28010.44,4,29222.12
CUST-0731,52,Female,27.15,1,Yes,South,High,Hypertension,73965.96,1,32042.21
CUST-0239,32,Male,28.85,3,No,West,Medium,Both,76108.68,1,18451.11
CUST-0224,27,Male,16.0,1,No,North,Low,Diabetes,57151.32,1,16398.28
CUST-0146,58,Female,27.93,3,Yes,North,Medium,Both,18000.0,1,32937.14
CUST-1178,27,Male,33.88,1,No,North,Medium,Diabetes,36197.33,2,14445.5
CUST-0374,35,Male,35.35,3,No,North,Medium,Hypertension,100636.14,0,15316.77
CUST-0119,29,Female,34.93,4,No,East,Low,None,37673.01,1,15633.25
CUST-1129,44,Female,16.76,1,No,East,Medium,None,65214.11,2,14505.57
CUST-0251,26,Female,35.63,1,Yes,East,High,None,22694.39,2,25688.74
CUST-1245,60,Male,18.08,0,Yes,North,Low,None,62698.04,0,25096.26
CUST-0010,22,Female,34.35,1,No,West,Low,Diabetes,57674.18,2,18604.61
CUST-0450,31,Female,40.65,0,No,East,Low,Hypertension,57935.27,3,21481.9
CUST-0978,45,Female,23.73,2,No,East,Medium,Both,33525.84,4,23220.17
CUST-0390,25,Male,20.69,1,No,West,Low,Both,74085.43,4,20775.6
CUST-0797,64,Male,21.66,4,Yes,West,MEDIUM,None,46868.23,1,28320.02
CUST-1007,58,Female,30.07,1,No,North,High,Diabetes,95070.43,1,21626.06
CUST-0558,60,Male,29.95,3,No,South,Low,None,61908.07,2,22523.18
CUST-0461,52,male,28.09,3,No,West,Medium,Diabetes,53045.83,3,23903.49
CUST-1162,41,Male,16.0,1,Yes,West,Medium,Both,52913.31,2,28543.14
CUST-0145,65,Male,26.96,4,No,West,Low,None,65979.0,2,20125.71
CUST-0502,49,FEMALE,30.28,4,Yes,North,Medium,None,88216.77,2,30337.74
CUST-1165,42,Male,29.76,4,No,South,,Diabetes,106191.26,0,15400.4
CUST-0540,19,Female,25.99,2,No,South,Low,Both,61467.71,0,16321.28
CUST-0178,25,Female,38.66,3,Yes,East,High,None,83341.29,0,21100.98
CUST-1218,53,Female,35.87,2,no,East,Low,Hypertension,66550.86,3,26673.62
CUST-0894,65,Female,23.01,1,No,North,Low,None,,3,24899.62
CUST-0644,41,Female,35.97,0,No,East,Low,None,100053.68,0,11566.1
CUST-0951,22,Male,33.25,4,Yes,North,Medium,None,58043.14,2,22303.16
CUST-0008,51,Female,37.5,2,Yes,North,Medium,Diabetes,34941.22,8,44923.58
CUST-0616,48,Male,28.1,3,No,West,Low,Hypertension,52900.45,2,21262.34
CUST-0942,37,Male,33.23,0,No,West,Low,Diabetes,86880.63,1,16938.88
CUST-0358,60,Female,28.14,4,No,West,Medium,Hypertension,67430.79,2,24892.1
CUST-0330,44,Female,28.85,0,No,East,Medium,None,48329.27,2,13588.34
CUST-0782,48,Male,,4,Yes,east,Medium,None,77997.72,1,28709.46
CUST-0927,43,Male,-5,4,Yes,East,Low,Hypertension,68037.58,0,30132.61
CUST-0259,26,Female,29.42,4,No,West,Medium,None,87214.35,0,8680.27
CUST-0972,38,Male,29.61,3,No,South,Medium,Hypertension,31266.44,0,12381.56
CUST-0997,43,Female,34.4,3,No,West,Low,none,81016.56,2,15342.74
CUST-0862,62,Female,21.53,4,No,East,Low,None,86331.83,1,21086.62
CUST-0662,53,Female,18.16,3,Yes,East,Medium,Both,49135.81,0,33531.72
CUST-0926,63,Female,37.31,3,No,West,High,None,66261.61,1,23286.87
CUST-0526,32,Male,30.19,0,No,West,Medium,None,56850.19,0,11412.75
CUST-0909,35,Female,24.48,1,no,North,High,None,40023.59,3,15565.29
CUST-0775,58,Male,24.5,3,No,East,Low,None,84565.11,1,20249.48
CUST-0044,35,Male,29.26,2,No,South,Low,Hypertension,,1,19103.33
CUST-1200,47,Male,20.56,3,No,East,Medium,None,68368.72,2,14853.84
CUST-0441,64,Female,28.03,1,No,East,Low,None,85293.92,2,20161.12
CUST-0532,25,Male,24.7,1,No,East,Medium,None,34971.02,0,10851.1
CUST-0227,56,Male,25.38,2,No,West,Medium,Hypertension,70608.9,0,18780.33
CUST-0229,44,Male,20.88,4,Y,West,,None,48589.73,1,26678.22
CUST-1095,33,Female,37.5,0,No,South,Low,Hypertension, 64741.29 ,0,13524.51
CUST-0213,55,Male,34.61,4,No,North,High,Diabetes,97035.04,1,24051.03
CUST-0080,50,Male,16.3,1,No,West,Medium,Diabetes,51644.07,3,17270.69
CUST-0149,57,MALE,18.75,3,No,South,Medium,None,59246.8,0,13986.42
CUST-0968,33,Female,,2,No,North,Medium,Hypertension,86464.32,1,13736.36
CUST-1140,43,female,30.72,2,No,South,Low,None,68552.14,2,19071.2
CUST-0650,58,Male,35.85,2,Yes,East,HIGH,Diabetes,62162.05,3,35150.99
CUST-0134,44,Female,24.96,0,NO,West,Low,None,53194.88,1,11826.48
CUST-0870,19,Female,,0,No,South,Low,None,72940.32,4,18639.39
CUST-0409,62,Female,34.22,1,No,North,High,None,74493.89,0,22152.9
CUST-0744,30,Female,22.04,0,No,South,High,Both,60698.01,2,18751.85
CUST-0508,29,Female,20.83,3,No,West,High,None,62244.71,0,10531.13
CUST-1174,26,Female,33.65,3,No,West,Low,Hypertension,55576.17,2,17473.22
CUST-0505,31,Female,33.26,1,No,East,Medium,None,89641.22,2,15110.65
CUST-0747,43,Female,30.52,4,No,East,MEDIUM,None,116563.44,2,18019.35
CUST-0348,62,Female,30.37,1,No,West,High,None,55683.87,1,19077.36
CUST-0387,21,Male,29.16,0,No,North,Medium,None,31285.82,0,8802.9
CUST-0001,22,Male,16.0,4,Yes,North,Medium,None,105403.71,3,27094.27
CUST-0361,58,Female,20.49,4,No,East,Low,None,78322.46,2,16788.86
CUST-1193,26,Male,31.3,0,Yes,South,Low,None,54867.0,2,23701.0
CUST-0476,55,Female,34.91,3,No,South,Low,None,64515.68,2,22228.5
CUST-1076,25,Female,19.7,2,No,West,Medium,None,84193.46,1,14105.54
CUST-0858,20,Male,20.78,1,No,South,Medium,Both,75217.83,1,12880.83
CUST-0906,52,Male,34.29,2,No,South,Low,Diabetes,71037.94,0,18707.41
CUST-0173,55,Female,37.24,2,Yes,South,Medium,None,,2,32304.38
CUST-0451,64,Male,36.89,1,Yes,East,Medium,Diabetes,56831.5,1,34479.62
CUST-0126,45,Female,28.17,0,No,South,High,None,47843.27,0,10411.65
CUST-0707,18,Female,22.72,4,No,East,High,None,98122.46,0,7287.26
CUST-0531,46,Male,33.66,1,No,West,Medium,None,54072.79,1,16724.08
CUST-0091,38,Female,27.94,1,Yes,South,Medium,None,66408.79,1,22839.95
CUST-1221,49,Female,28.0,3,No,East,High,None,82736.21,0,12806.93
CUST-0182,25,Male,41.05,3,No,North,Medium,Hypertension,83130.01,1,16766.45
CUST-0728,22,Male,30.09,0,No,South,Low,Hypertension,53021.61,2,14879.29
CUST-0415,18,Female,31.83,1,No,South,Medium,None,75690.5,1,9122.6
CUST-0252,41,Male,29.75,4,No,West,Medium,None,86565.92,1,13957.27
CUST-0070,40,Male, 34.43 ,3,No,North,Medium,None,29410.74,2,12608.71
CUST-0132,44,Male,43.82,0,No,North,Low,HYPERTENSION,64643.54,2,18119.62
CUST-0301,35,Male,19.07,3,No,East,Medium,None,51401.4,3,19195.41
CUST-0740,61,Female,25.45,4,No,West,Medium,None,31595.53,2,18392.64
CUST-0327,29,Female,27.88,2,No,West,Low,Both,67077.0,1,21332.36
CUST-1234,53,Male,26.66,3,No,South,Low,Diabetes,64731.64,1,18398.12
CUST-1159,36,Male,28.79,1,No,North,Medium,Both,107188.01,3,21509.17
CUST-0500,38,Female,28.8,3,No,South,Low,None,68205.58,1,15811.92
CUST-1116,41,Male,35.7,4,No,North,Low,None,32790.86,0,12348.46
CUST-0365,23,Male,16.0,4,No,West,Medium,Hypertension,87945.97,1,9785.33
CUST-0496,37,Female,28.48,4,No,North,Low,Diabetes,87348.82,1,17147.58
CUST-1175,18,Male,36.46,0,No,North,Low,Diabetes,29672.28,0,10931.85
CUST-0339,27,Female,25.89,3,No,North,Medium,Hypertension,89144.53,5,21836.14
CUST-0422,51,Female,36.22,1,No,East,Low,None,68851.45,0,16453.44
CUST-0165,38,Female,31.31,2,Yes,north,Low,None,66837.3,4,31494.54
CUST-0029,44,Male,39.94,2,No,South,Low,Hypertension,53059.66,0,18471.86
CUST-0517,60,Female,28.94,3,Yes,East,High,DIABETES,74994.15,0,31603.3
CUST-0194,35,Male,33.54,1,No,East,Low,Diabetes,51882.69,2,17857.79
CUST-0984,49,Male,29.59,3,No,West,Low,None,72551.6,0,17491.47
CUST-0866,51,Male,23.83,0,Yes,South,High,None,39267.81,4,31350.84
CUST-0170,19,Male,28.48,2,No,North,Medium,None,49794.56,1,9007.59
CUST-0876,42,Male,32.4,1,Yes,East,High,None,41842.83,0,22131.19
CUST-0653,27,Female, 28.2 ,3,No,South,Medium,Diabetes,65218.37,1,14252.33
CUST-0174,52,Female,22.76,0,No,West,Medium,Hypertension,21564.85,0,18712.43
CUST-0519,40,Male,28.17,2,No,South,Low,None,89394.24,0,17205.2
CUST-1205,49,Female,33.32,3,No,South,Medium,None,106630.21,5,21973.31
CUST-0779,31,Female,30.94,2,No,WEST,Medium,None,78159.24,0,7783.68
CUST-0492,59,Female,41.3,1,No,North,Medium,None,38633.64,2,18949.73
CUST-0074,24,Female,29.36,1,No,North,Medium,Hypertension,20398.14,1,15691.42
CUST-1056,65,Male,26.68,4,Yes,South,Low,Both,71866.42,1,112114.29000000001
CUST-0588,22,Male,32.24,4,No,South,Medium,None,61559.63,1,12075.44
CUST-0658,48,Male,26.02,1,Yes,East,High,None,,1,24007.4
CUST-0235,41,Male,27.6,0,No,West,Low,None,67856.91,1,14884.9
CUST-0215,53,Female,33.56,0,No,South,Medium,Hypertension,57039.62,1,18768.52
CUST-0163,37,Male,32.95,2,Yes,West,Medium,None,95191.07,1,28467.93
CUST-0133,22,Male,31.53,1,No,East,Medium,None,71794.68,2,12187.7
CUST-0863,23,Female,29.29,3,Yes,West,Low,None,48115.81,2,24619.53
CUST-0814,31,Female,16.0,0,No,West,Low,Hypertension,61142.38,1,15400.76
CUST-1036,53,Female,36.73,3,No,North,Low,None,68453.06,2,21566.21
CUST-0186,39,Male,20.76,4,No,South,Medium,None,71556.64,1,11590.62
CUST-0042,54,Female,25.6,0,Yes,North,Low,Diabetes,57490.28,1,30309.8
CUST-0693,62,Female,29.7,2,No,South,Medium,None,75518.34,1,16753.18
CUST-0109,40,Male,29.36,3,No,South,Medium,None,52668.58,5,19067.46
CUST-0950,31,Male,33.43,1,No,North,Low,Diabetes,53776.34,1,14164.16
CUST-0569,48,Male,16.0,3,No,South,Medium,None,80611.65,1,14498.17
CUST-0723,58,Female,29.29,2,No,West,Medium,None,64547.88,3,22400.4
CUST-1068,48,Male,29.58,0,No,North,High,Hypertension,51476.58,2,20017.15
CUST-1214,59,Female,25.92,0,No,East,Medium,Hypertension,51361.06,0,17094.58
CUST-0484,56,Female,44.22,2,No,East,Medium,None,76272.62,0,16996.97
CUST-0469,26,Male,26.17,2,no,West,High,None,83343.55,0,9105.4
CUST-0025,55,Female,33.33,2,Yes,West,Low,Hypertension,54057.59,2,36162.17
CUST-0746,35,Male,25.87,0,No,South,High,Diabetes,75576.95,0,12862.96
CUST-1086,58,Female,27.6,2,No,North,High,None,84515.02,1,18708.13
CUST-0837,56,Female,34.25,3,No,North,Low,None,52945.86,0,17667.82
CUST-1066,36,Male,17.2,4,No,South,Low,Diabetes,36838.25,0,16165.68
CUST-0367,40,Female,36.88,3,No,South,low,Hypertension,76377.03,1,23794.72
CUST-0939,40,Male,24.25,4,No,South,Medium,None,72106.92,3,15857.39
CUST-1109,63,Female,36.57,0,Yes,South,Low,None,91400.46,0,30103.68
CUST-0384,29,Female,30.98,3,Yes,East,LOW,Both,90738.28,1,33098.17
CUST-0718,41,Male,27.0,1,No,East,High,Diabetes,70235.0,0,13094.2
CUST-0455,46,Female,31.25,2,No,South,High,None,75132.48,3,19655.99
CUST-0265,65,Male,27.08,0,No,North,High,Diabetes,38179.71,2,17604.47
CUST-0845,18,Male,25.76,0,No,North,Medium,Diabetes,58487.21,1,12064.75
CUST-0233,18,Male,43.92,3,No,North,Medium,Hypertension,29921.13,2,13608.39
CUST-0445,42,Male,34.16,4,No,East,Low,None,38270.96,1,13075.14
CUST-0396,59,Male,27.12,1,Yes,North,Low,Hypertension,76279.01,1,27839.23
CUST-0826,22,Male,31.33,2,No,East,medium,Hypertension,62778.15,0,14013.13
CUST-0177,52,Female,25.33,2,No,West,High,None,44991.94,3,22888.96
CUST-0019,58,Female,22.16,0,No,East,High,None,59693.14,0,18295.02
CUST-1106,26,Male,27.82,0,Yes,West,Low,Hypertension,83493.62,0,28752.87
CUST-0905,40,Female,30.83,1,No,North,Medium,Diabetes,67102.63,2,19297.59
CUST-0910,22,Male,29.92,0,No,East,,Both,70775.4,2,14853.83
CUST-0760,53,Female,40.02,1,No,North,Medium,None,77208.21,1,16783.17
CUST-0596,56,Female,35.46,2,No,South,Medium,None,19006.03,0,16631.93
CUST-0062,53,Male,29.64,1,No,North,Medium,None,32468.2,0,14395.79
CUST-0273,25,Male,34.94,0,No,West,Low,Hypertension,78426.88,0,11651.8
CUST-1242,55,Male,30.06,3,No,East,Low,None,21015.29,1,19035.47
CUST-0279,21,Male,25.64,2,No,East,High,None,53087.69,1,11557.95
CUST-0941,51,Male,30.89,4,No,West,Medium,None,75510.98,4,23964.82
CUST-0695,22,Male,26.59,4,Yes,East,High,None,82135.9,0,19641.68
CUST-0369,19,Male,32.91,0,No,West,Low,None,57072.39,0,11615.25
CUST-0992,44,Female,-5,3,No,South,High,None,49565.86,1,13967.24
CUST-0736,50,Female,41.91,1,Yes,East,Medium,None,75949.37,3,34425.86
CUST-0915,46,Female,32.12,2,No,North,Low,Diabetes,36989.93,0,16138.73
CUST-0962,37,Female,29.82,4,No,East,Medium,Both,75345.05,1,21803.08
CUST-1166,23,Male,28.96,4,No,South,Medium,None,94734.85,0,11626.44
CUST-0859,50,Male,17.24,2,No,South,Medium,NONE,99550.87,0,15879.06
CUST-0548,46,Male,24.68,0,Yes,West,Low,None,49242.07,2,25977.37
CUST-0985,46,Female,28.17,1,No,North,Medium,Hypertension,18000.0,1,17079.44
CUST-0689,39,Female,33.24,1,No,North,High,None,29758.88,1,16186.91
CUST-0739,53,Male,18.49,2,No,South,Low,Hypertension,77587.53,2,20630.33
CUST-1006,62,Female,20.29,1,No,South,High,None,27822.61,3,17036.64
CUST-0457,25,Female,28.95,0,No,East,Medium,None,54195.2,4,18437.12
CUST-0394,46,Female,30.71,4,No,West,Medium,HYPERTENSION,57214.8,1,15288.49
CUST-0676,52,Male,32.87,4,No,South,High,None,57899.59,3,18647.12
CUST-1019,19,Male,21.52,4,No,West,High,Hypertension,54656.41,1,13136.93
CUST-0729,41,Male,21.89,1,Yes,East,Low,Diabetes,41016.97,2,31830.54
CUST-0420,42,Female,29.39,0,No,West,Low,Hypertension,18000.0,0,13955.88
CUST-0376,22,Female,26.68,2,No,East,Medium,None,49601.21,2,14726.6
CUST-0413,31,Male,16.0,2,No,North,Medium,Diabetes,57009.37,1,11225.1
CUST-0075,50,Female,41.92,2,Yes,West,Low,Hypertension,49183.9,1,34497.59
CUST-1181,47,Male,24.0,2,Yes,West,Medium,None,48433.98,2,27360.39
CUST-0966,46,Male,27.18,4,No,East,Low,None,50696.1,0,16284.92
CUST-0501,23,Female,23.22,0,Yes,South,Low,Hypertension,74157.23,1,21023.0
CUST-0895,53,Male,24.55,4,No,North,Medium,None,32163.9,3,18178.77
CUST-0617,29,Male,34.13,0,Yes,West,Low,Both,90110.86,3,32499.73
CUST-0115,42,Female,28.73,0,No,North,Low,Diabetes,89443.38,1,16700.12
CUST-0418,23,Female,24.35,3,No,West,Low,None,46849.22,2,10871.57
CUST-0602,55,Male,26.63,2,Yes,West,Low,None,85983.65,3,34435.44
CUST-0605,57,Male,32.5,3,No,South,Medium,None,69586.3,2,20551.1
CUST-0090,57,Male,34.17,3,No,North,Low,Both,74082.19,0,21639.22
CUST-0964,28,Male,32.65,0,No,East,Medium,None,60397.14,0,11289.09
CUST-1208,52,Female, 27.76 ,1,Yes,North,Low,None,80828.26,1,28791.26
CUST-0754,62,Male,28.95,4,No,East,High,Both,84791.77,5,30443.75
CUST-0499,62,Female,33.47,0,Yes,North,Low,Hypertension,108688.35,1,33699.36
CUST-0981,46,Female,30.57,1,No,South,High,Hypertension,44246.76,0,14715.13
CUST-0988,33,Male,28.4,4,No,North,Medium,None,77332.21,0,12052.39
CUST-0986,49,Female,24.46,1,No,West,Low,None,106338.94,0,17370.77
CUST-0012,64,Female,32.75,3,Yes,North,Low,None,74237.26,1,30812.06
CUST-0397,20,Male,31.29,1,No,West,Medium,None,38145.85,1,9499.71
CUST-0839,18,Male,36.69,3,No,West,Medium,Diabetes,46169.97,2,15526.97
CUST-0556,42,Male,46.92,2,Yes,North,High,None,31579.83,1,26014.17
CUST-0043,51,Male,34.3,4,Yes,East,Low,None,46030.99,0,26386.0
CUST-0168,26,Male,16.0,3,No,East,High,None,82594.49,1,6311.63
CUST-0417,64,Female,21.94,4,No,South,Medium,None,36267.38,2,18651.41
CUST-0577,62,Male,19.22,3,No,West,Medium,None,18000.0,0,14115.7
CUST-0268,34,Male,32.99,2,No,East,Low,None,67592.19,0,11745.3
CUST-0902,20,Male,27.89,2,No,South,Low,None,58401.3,1,11033.98
CUST-0427,59,Male,20.38,3,No,West,High,None,19403.83,2,17434.14
CUST-0691,65,Male,33.34,2,No,South,Low,None,51146.57,3,22962.61
CUST-0545,57,Male,,2,No,North,Low,None,73405.06,3,18557.26
CUST-1182,62,Female,22.31,0,Yes,North,High,None,82386.74,2,26069.74
CUST-0675,47,Male,19.82,1,No,North,Medium,None,44532.23,0,13284.65
CUST-0690,55,Male,28.69,1,No,North,High,None,78414.21,1,16134.35
CUST-1111,48,Female,16.0,2,No,West,Medium,None,67802.43,1,17436.4
CUST-1236,34,Male,34.58,3,No,North,Medium,None,40728.73,0,11680.06
CUST-0160,55,Male,19.55,2,No,East,Low,None,34245.35,1,16302.14
CUST-0989,29,Male,30.06,2,No,North,Medium,None,58842.11,0,9359.96
CUST-0258,22,Male,36.48,3,Yes,South,Medium,Both,40946.37,3,30080.44
CUST-0947,64,Male,26.27,4,Yes,East,Medium,Hypertension,70950.21,3,42663.38
CUST-0336,56,Male,31.95,3,No,West,Medium,None,82374.37,1,16375.76
CUST-0967,46,Male,42.65,3,No,West,Medium,None,52326.09,0,16185.22
CUST-0016,55,Male,33.01,0,No,West,Medium,None,73712.83,2,21930.88
CUST-1008,42,Female,24.74,3,No,North,High,Diabetes,86834.14,3,19518.87
CUST-0325,64,Male,23.73,3,No,North,High,None,52912.1,3,23624.52
CUST-0769,24,Female,29.69,1,No,South,High,NONE,58505.68,5,18317.41
CUST-0608,42,Female,,3,Yes,South,Medium,None,60025.69,1,26527.13
CUST-0744,30,Female,22.04,0,No,South,High,Both,60698.01,2,18751.85
CUST-0880,48,Male,34.58,0,No,East,High,Hypertension,300078.48,1,15001.73
CUST-0887,20,Female,31.09,3,No,West,Medium,Hypertension,73551.41,2,17077.06
CUST-0223,51,Male,26.77,3,No,North,Low,None,65579.81,2,19381.74
CUST-0180,42,Female,32.37,1,No,West,Low,None,68621.54,4,22178.63
CUST-0860,56,Male,27.88,3,No,East,Low,None,74356.06,0,18729.38
CUST-0100,24,Female,32.0,0,No,West,Medium,None,93778.46,2,15912.88
CUST-0758,36,Male,27.6,4,Yes,South,low,None,88730.09,1,24714.55
CUST-0522,25,Male,35.17,1,No,North,Low,Hypertension,53453.51,3,14038.03
CUST-0762,44,Male,34.27,3,No,South,Low,Hypertension,33447.01,3,25014.0
CUST-0023,26,Female,29.66,1,No,West,Low,Diabetes,39246.26,0,15581.01
CUST-0357,25,Male,29.66,4,No,North,Medium,None,44677.1,0,14697.8
CUST-0734,55,Female,23.86,2,Y,West,Medium,Hypertension,71364.6,1,32314.99
CUST-1047,29,Male,16.0,1,No,South,Low,None,104313.27,1,12110.94
CUST-1169,65,Male,20.0,0,No,East,Medium,none,66613.82,1,14037.23
CUST-0612,40,Male,33.68,4,No,East,Low,None,58861.52,1,16146.06
CUST-1073,54,Male,33.82,3,Yes,South,Low,NONE,,2,34879.25
CUST-0341,48,Female,20.97,0,No,West,Medium,None,48675.93,2,16125.54
CUST-0432,53,Male,29.83,1,No,North,Medium,None,93181.33,0,14066.67
CUST-1144,58,Male,31.51,4,No,North,Medium,Diabetes,66470.41,1,24164.62
CUST-0218,22,Male,23.74,2,No,South,Medium,Hypertension,68065.2,1,16063.22
CUST-0204,51,Male,35.67,4,No,South,Medium,None,130567.49,2,18042.19
CUST-1012,56,Female,30.95,2,No,West,Low,Diabetes,21934.8,0,18980.94
CUST-1028,31,Male,24.5,0,No,West,Medium,Both,43875.77,0,18534.78
CUST-0094,36,Female,37.14,3,No,South,Medium,DIABETES,72837.01,3,17836.62
CUST-0890,30,Male,34.29,0,No,North,Medium,Both,42117.91,2,19101.03
CUST-0069,21,Male,17.01,0,No,East,Medium,None,96036.78,2,12676.18
CUST-1001,56,Female,24.13,2,No,East,Medium,Hypertension,97919.39,2,22949.66
CUST-0285,39,Female,33.91,1,No,North,Medium,Hypertension,80306.91,0,13359.87
CUST-0697,52,Male,24.66,4,No,North,Low,None,64903.06,2,19303.99
CUST-0086,51,Female,23.51,3,No,East,Medium,None,55534.93,1,13502.26
CUST-0435,-1,Male,28.39,2,No,North,Medium,Both,30221.45,2,21472.74
CUST-0886,53,Female,39.07,3,No,West,Medium,None,80408.63,0,13316.59
CUST-0154,32,Male,37.74,1,No,North,Medium,None,72236.38,1,13324.08
CUST-0076,40,Male,34.61,3,No,South,Medium,None,18000.0,3,19099.1
CUST-1097,58,Male,34.62,4,No,South,Medium,None,88438.06,0,17526.1
CUST-0790,18,Male,31.06,2,No,East,High,None, 50282.95 ,1,7172.21
CUST-0581,22,Male,18.02,3,No,South,Medium,None,24788.23,0,7923.68
CUST-0447,33,Male,44.3,1,No,East,Low,Diabetes,69627.14,1,16762.61
CUST-0704,26,Male,35.86,0,No,North,Low,None,59111.98,1,12786.28
CUST-0189,29,MALE,28.23,2,No,North,Low,None,70306.03,1,9563.68
CUST-0272,19,Female,24.48,3,No,North,MEDIUM,DIABETES,50071.92,1,13404.51
CUST-0237,49,Male,-5,1,No,West,Medium,Hypertension,74196.61,5,23251.86
CUST-0488,43,Male,26.44,4,Yes,South,Medium,None,62368.77,0,25439.4
CUST-1219,56,Male,23.19,1,No,South,Medium,None,67415.97,3,16484.84
CUST-0560,58,Female,40.08,1,No,North,Medium,Hypertension,53486.82,2,25976.88
CUST-0118,24,Male,22.84,3,YES,West,Medium,Hypertension,18000.0,1,26888.48
CUST-0638,32,Male,30.93,3,Yes,North,Low,Hypertension,63666.02,3,27478.67
CUST-1134,54,Male,25.21,3,No,East,Medium,None,44656.12,2,18121.59
CUST-0802,32,Male,30.49,0,Yes,West,Medium,Diabetes,76184.15,6,32888.4
CUST-0751,64,Female,24.95,3,No,East,Medium,None,35690.67,2,17900.75
CUST-0513,58,Male,23.67,1,Yes,West,Low,None,83890.68,1,28180.87
CUST-0634,36,Female,22.57,3,No,South,Medium,None,57985.97,2,13613.83
CUST-0874,23,Female,26.6,2,No,West,Medium,Diabetes,37280.31,1,8701.33
CUST-1070,18,Female,,3,No,South,,None,53359.77,1,9966.82
CUST-0954,38,Male,18.9,2,No,East,Low,None, 39862.68 ,3,15455.93
CUST-0127,21,Female,24.55,1,Yes,East,Low,None,60846.19,0,14159.25
CUST-0791,22,Male,20.79,0,Yes,South,Low,None,44507.68,3,25168.26
CUST-0830,19,Male,24.77,2,No,East,Low,None,36564.61,1,10530.52
CUST-0117,19,Male,17.86,1,Yes,East,High,None,62170.24,2,22056.91
CUST-0474,40,Female,31.04,4,No,South,Medium,None,34266.93,1,14386.27
CUST-0741,57,Female,30.83,1,No,West,Low,None,66341.26,2,20632.9
CUST-1180,19,Male,31.41,3,No,South,Low,None,54939.03,1,9891.37
CUST-0058,25,Male,38.49,4,No,North,Low,None,34816.27,3,16173.09
CUST-0604,24,Male,35.28,4,No,South,Low,None,50100.25,1,14005.76
CUST-0787,19,Female,26.7,4,No,North,Medium,None,78615.92,5,21452.25
CUST-0831,29,Female,20.95,3,yes,SOUTH,Low,None,77540.64,0,23449.88
CUST-0120,23,Female,31.17,4,Yes,East,Low,None,78793.35,0,22499.65
CUST-0657,54,Male,34.91,4,No,North,Medium,None,53910.61,0,14302.86
CUST-1009,53,Male,30.03,2,No,West,Low,None,61310.54,2,18967.58
CUST-0670,24,Female,30.13,4,No,South,Low,None,88748.25,0,12181.12
CUST-0106,55,Male,36.88,0,No,South,Medium,Diabetes,45605.66,1,16535.12
CUST-0636,50,Male,33.6,3,No,West,Medium,none,43955.72,1,16465.39
CUST-0370,55,Female,25.14,1,No,North,Low,Diabetes,18000.0,0,17267.67
CUST-0269,47,Male,30.21,1,Yes,West,Medium,None,29392.25,0,25499.16
CUST-0656,43,Male,30.96,2,No,South,Medium,None,,4,20242.03
CUST-0820,65,male,27.04,2,No,North,Medium,None,45813.94,2,20763.22
CUST-0823,24,Male,26.63,1,Yes,South,Medium,None,39590.5,2,26546.45
CUST-0945,24,Female,33.7,3,No,West,Medium,Diabetes,55085.02,1,12605.75
CUST-0047,39,Male,35.7,0,No,West,High,Diabetes, 56356.44 ,2,15138.67
CUST-0350,25,Female,22.39,4,No,North,Medium,Hypertension,59371.18,3,19659.75
CUST-1089,49,Male,16.0,0,Yes,West,High,Diabetes,53771.75,0,25765.17
CUST-0877,43,Male,30.71,3,No,North,Low,Hypertension,89916.79,1,18542.99
CUST-0774,52,Female,24.74,1,No,East,Medium,None,77673.46,2,16400.29
CUST-0196,22,Male,32.68,2,N,East,High,None,75082.0,2,18056.89
CUST-0103,56,Male,28.24,0,No,East,Medium,Hypertension,18000.0,0,16978.68
CUST-0005,38,Female,22.09,1,No,East,HIGH,None,39495.1,1,11155.07
CUST-0620,24,Female,32.07,1,Yes,South,Medium,None,61509.99,1,23252.93
CUST-0572,37,Female,37.02,2,No,North,Medium,Hypertension,45655.74,1,14295.68
CUST-0053,35,Female,24.32,0,No,east,Low,None,58444.23,1,14592.74
CUST-0264,62,Male,20.47,4,No,East,Low,Both,61697.4,1,26784.69
CUST-1150,58,Female,32.48,4,Yes,South,Medium,Hypertension,66273.55,1,31753.08
CUST-0444,41,Male,18.59,2,No,South,Low,Hypertension,118135.93,1,16297.14
CUST-1051,42,Male,32.46,2,No,East,Low,None,44729.55,0,13933.61
CUST-0783,23,Male,31.38,1,No,South,Medium,Both,51696.91,3,20482.83
CUST-0838,27,Female,21.91,1,Yes,East,High,None,46885.98,2,22320.83
CUST-0948,24,Female,23.65,4,Yes,South,Low,None,70871.53,2,26567.05
CUST-0692,56,Male,22.3,0,No,North,Medium,Hypertension,41533.4,2,18139.2
CUST-0305,44,Male,27.55,1,No,East,High,Diabetes,76568.69,3,19649.48
CUST-0342,31,Male,25.6,1,No,West,High,None,62585.95,1,11852.14
CUST-0971,32,Female,18.71,1,No,South,High,None,68921.09,1,8322.23
CUST-0314,31,Female,28.44,2,No,South,Medium,None,18000.0,2,14632.89
CUST-0150,20,Male,34.84,3,No,East,Medium,None,64594.08,1,11925.99
CUST-0125,59,Female,46.31,1,No,North,Low,None,49349.57,2,25967.98
CUST-1119,52,Male,31.12,0,No,East,High,None,50790.47,0,12959.55
CUST-0575,18,Female,31.37,1,No,East,Medium,Diabetes,30966.58,1,12134.68
CUST-0698,46,Female,32.66,2,No,North,Low,None,73591.06,2,16717.77
CUST-0665,46,Male,38.34,3,No,West,Low,None,32957.04,3,17108.24
CUST-0051,54,Female,29.19,4,No,South,Low,NONE,52455.66,1,18251.38
CUST-0963,58,Female,32.48,3,Yes,East,Medium,None,42772.91,1,28457.49
CUST-0727,52,Female,21.6,0,No,South,Medium,Hypertension,92358.08,2,18183.14
CUST-0800,39,Female,29.44,4,Yes,South,Low,Both,33509.13,1,31538.36
CUST-0834,24,Female,32.59,3,Yes,East,High,None,61306.15,2,22222.3
CUST-0354,38,Male,30.5,4,No,East,High,None,67369.32,1,15386.56
CUST-1212,55,Male,36.53,2,No,South,Medium,Hypertension,94717.68,1,21202.15
CUST-0143,31,female,27.17,0,No,East,High,None,75981.23,2,13268.09
CUST-0471,53,Male,25.54,0,No,South,Medium,Hypertension,31710.16,2,16768.0
CUST-0883,39,Female,34.9,3,No,North,High,None,70983.73,3,18444.02
CUST-0654,56,Male,33.71,1,No,North,High,Hypertension,60403.09,2,23358.14
CUST-0400,32,Female,29.99,4,No,East,High,None,41044.75,1,11822.99
CUST-1004,60,Female,28.89,1,Yes,East,High,Hypertension,87664.03,1,28366.56
CUST-1023,59,Male,29.26,3,No,North,Medium,None,18000.0,0,15672.79
CUST-0321,33,Male,41.95,3,No,South,High,Hypertension,60550.24,1,17382.42
CUST-0020,39,Male,30.04,4,Yes,North,Low,Both,18000.0,3,35027.43
CUST-0685,26,Male,26.71,4,No,South,Low,None,87282.47,2,14968.63
CUST-0036,21,Male,19.83,2,Yes,South,Low,None,91685.0,3,25186.84
CUST-0825,47,Female,23.34,2,Yes,West,Low,Hypertension,23647.41,0,24296.15
CUST-0903,28,Female,29.89,4,No,SOUTH,Medium,None,55484.8,0,11428.8
CUST-0506,39,Male,21.2,0,No,West,Medium,Both,68027.75,1,19713.44
CUST-0828,61,Male,33.59,1,No,SOUTH,High,None,49361.73,1,13575.14
CUST-1128,48,Male,28.32,0,No,West,Medium,Hypertension,50265.47,2,17943.01
CUST-0408,24,Female,29.79,4,No,South,Medium,None,48831.71,1,11499.0
CUST-0921,59,Male,24.55,1,No,South,Medium,None,90856.74,1,16411.84
CUST-0818,23,Female,26.44,3,No,North,Low,Diabetes,70629.66,1,15886.21
CUST-0867,57,Female,32.03,0,No,West,Medium,None,63130.51,2,17902.85
CUST-0538,23,Male,25.66,3,No,West,High,Hypertension,85378.24,5,13939.32
CUST-0759,24,Female,30.15,2,N,East,Medium,None,150568.13,1,13642.74
CUST-1125,58,Female,36.01,1,No,West,Low,None,49538.28,0,14578.77
CUST-0999,64,Male,37.51,1,No,South,Low,None,111402.53,0,21124.6
CUST-0039,31,Male,24.56,0,No,East,Medium,Diabetes,75337.06,0,9518.37
CUST-0176,40,Female,23.82,0,Yes,South,Medium,Hypertension,45527.32,0,27834.13
CUST-0246,22,Male,31.72,3,No,South,High,Diabetes,91576.91,3,16105.43
CUST-0811,20,Female,21.23,0,No,East,Medium,None,83558.44,1,13888.12
CUST-1142,34,Male,16.0,2,No,North,High,None,66513.18,0,7599.46
CUST-1074,43,Female,43.62,3,No,South,Low,None,64418.83,1,16866.76
CUST-1048,46,Male,24.63,4,Yes,East,High,None,18881.05,1,23173.47
CUST-0785,40,Female,26.21,3,No,West,Medium,None,37546.66,1,18752.27
CUST-1246,65,Male,17.62,1,NO,South,Medium,Diabetes,98069.53,1,19522.31
CUST-0490,47,Male,16.0,0,No,East,Medium,Hypertension,65383.55,2,14816.38
CUST-0155,38,Male,37.22,3,No,North,High,Diabetes,83171.83,3,22539.91
CUST-0639,56,male,27.64,2,No,South,High,Diabetes,72138.72,2,23596.12
CUST-0663,19,Male,34.02,3,Yes,West,High,None,50873.67,0,22507.79
CUST-0854,29,Male,29.3,1,Yes,East,Low,None,100677.2,1,21835.38
CUST-0943,61,Male,31.56,1,No,West,Low,None,55244.41,2,18517.3
CUST-0288,45,Male,25.63,1,No,East,Medium,None,78454.73,3,18910.35
CUST-0626,29,Male,23.92,1,No,South,Medium,None,76876.96,3,12993.98
CUST-1186,32,Female,,1,No,South,Low,None,64114.8,0,11875.08
CUST-0686,56,Male,22.83,2,No,East,Medium,Diabetes,96314.0,2,25136.95
CUST-1071,50,Male,32.34,0,Yes,South,Low,None,75902.01,1,33108.66
CUST-0977,22,Female,34.0,3,No,West,Medium,None,62184.08,3,15911.82
CUST-0570,45,Male,23.4,0,No,North,Low,Diabetes,85808.34,2,20668.32
CUST-1203,65,Male,24.88,4,No,East,Medium,None,49328.13,2,19526.18
CUST-0735,27,Female,24.1,1,No,South,Medium,None,38123.88,2,10509.81
CUST-0793,52,Female,28.92,0,no,North,Medium,None,28494.91,1,15765.09
CUST-0018,24,Male,22.54,4,No,East,Low,None,92157.52,0,8747.91
CUST-0128,54,Female,32.15,4,No,North,High,Diabetes,69720.09,2,19144.88
CUST-0323,47,Female,34.15,0,No,South,Low,None,49911.28,1,15491.25
CUST-0256,24,male,18.54,4,No,North,High,None,35928.37,1,8493.39
CUST-1038,18,Female,28.98,3,No,South,Low,None,71938.05,4,18302.38
CUST-0928,32,Male,27.44,1,No,south,Low,Both,27810.27,1,14727.84
CUST-0498,35,Male,16.0,2,No,North,High,Diabetes,107526.17,1,12009.54
CUST-0191,50,Female,25.9,1,No,West,Low,None,72461.05,2,16654.88
CUST-0116,45,Male,34.1,3,No,West,Medium,Diabetes,86939.25,2,17380.76
CUST-1233,64,Male,27.17,1,Yes,West,High,None,42299.42,2,26704.17
CUST-0995,43,Female,33.29,4,No,South,Low,None,67236.87,0,16175.6
CUST-0607,33,Male,16.43,3,Yes,South,Low,None,78906.64,1,25519.96
CUST-0181,63,Male,17.9,3,No,East,Medium,Diabetes,65482.53,2,21623.91
CUST-0302,57,Female,30.8,2,No,South,Low,Hypertension,83121.56,1,18793.6
CUST-0497,23,Female,25.9,2,No,North,Low,None,52495.13,1,5496.83
CUST-0349,26,Female,24.44,0,Yes,North,Medium,None,73709.12,3,25402.76
CUST-1090,24,Male,26.8,1,No,East,low,None,67113.41,5,19017.76
CUST-0037,59,Female,35.5,0,NO,East,High,Diabetes,76252.94,0,19418.14
CUST-0745,56,Female,27.72,0,No,East,Medium,None,93097.54,2,18977.85
CUST-1139,53,Female,29.27,2,No,North,Medium,Both,50732.48,1,21338.2
CUST-0082,38,Female,34.74,2,Yes,South,High,Diabetes,23495.26,1,29354.83
CUST-0518,21,Male,29.31,3,Yes,West,Medium,None,75846.75,5,25176.93
CUST-0373,37,Female,16.0,2,No,East,Medium,None,52978.91,2,18530.91
CUST-0046,64,Female,26.51,2,Yes,West,Low,None,32376.36,0,27901.82
CUST-0477,58,Female,26.18,4,No,North,High,None,70296.91,0,15007.89
CUST-0158,44,Female,34.64,0,No,South,Low,None,32693.42,0,13311.51
CUST-1102,40,Female,31.77,3,No,West,Low,both,68806.75,0,19657.06
CUST-0172,22,Female,30.08,3,No,West,Medium,None,67070.77,0,14012.6
CUST-0017,42,Male,26.09,4,No,West,Medium,Hypertension,75655.68,1,19128.66
CUST-0512,53,Male,30.11,0,No,South,High,Diabetes,,1,15765.25
CUST-0049,50,Female,34.43,2,Yes,West,Medium,None,44552.82,2,31026.18
CUST-0192,48,Female,33.81,3,No,South,Low,Diabetes,50451.48,1,20558.01
CUST-0547,38,Female,22.21,3,No,East,High,None,78699.11,2,14917.27
CUST-0516,23,Female,29.73,1,No,West,Low,None,29058.37,4,17249.56
CUST-0659,21,Male,25.68,2,Yes,East,Low,None,47833.89,0,21233.39
CUST-1035,21,Female,29.16,0,No,West,,Hypertension,50423.76,3,14145.45
CUST-0829,59,Male,41.38,4,Yes,East,High,None,96861.2,3,36935.62
CUST-1058,55,Male,22.74,2,Yes,North,Medium,None,54079.82,1,27266.27
CUST-0481,31,Female,21.76,2,No,East,Low,None,77728.4,1,14638.48
CUST-0960,37,Male,21.96,1,No,East,Low,none,52802.36,1,11099.76
CUST-1188,46,Female,35.58,1,Yes,East,Medium,None,50142.58,4,30561.77
CUST-0284,41,Male,22.37,1,Yes,East,Medium,None,91189.04,0,23835.69
CUST-1084,44,Female,24.85,1,No,East,Low,None,82601.44,0,17443.74
CUST-0798,40,Female,40.52,1,Yes,North,Medium,Hypertension,44036.48,2,29122.05
CUST-1243,64,Female,-5,0,No,West,High,None,71218.45,0,17128.06
CUST-0226,32,Male,36.45,0,YES,South,Low,None,51486.17,2,27155.18
CUST-0027,37,Female,37.42,3,No,East,Low,None,76772.67,0,16946.45
CUST-0283,50,Female,31.5,3,No,East,Medium,Hypertension,47069.09,3,23516.86
CUST-1209,31,Male,39.11,4,Yes,West,Medium,None,42878.13,1,29735.81
CUST-0438,62,Male,37.39,0,No,South,Medium,None,89043.01,1,20617.62
CUST-1227,23,Female,29.93,1,No,East,Low,Hypertension,51145.52,2,13804.8
CUST-0230,26,Male,38.42,4,No,North,Low,None,44227.91,2,12048.15
CUST-0038,57,Male,38.9,3,No,North,Low,None,77111.07,1,18417.73
CUST-0750,25,Male,28.04,3,No,East,Medium,None,88930.76,1,11654.66
CUST-0470,62,Female, 37.12 ,4,No,south,Low,None,58785.3,2,22888.67
CUST-1079,38,Male,36.96,0,Yes,East,Low,None,77185.42,1,22058.61
CUST-1241,42,Male,26.95,0,No,West,Medium,Diabetes,39745.3,1,13277.69
CUST-0688,46,Female,36.14,2,No,East,Medium,None,94977.38,1,16317.99
CUST-0640,63,Male,33.67,1,No,East,Medium,Hypertension, 56112.65 ,3,24279.16
CUST-1093,58,Female,41.5,1,Yes,East,Low,None,73685.84,0,29887.82
CUST-1055,21,FEMALE,18.05,1,No,West,Low,None,96446.95,0,9794.29
CUST-1145,33,Male,37.0,1,Yes,South,Low,None,106967.05,0,25324.27
CUST-0801,18,Male,39.36,4,No,West,Medium,None,40842.73,0,9602.6
CUST-0161,65,Male,29.35,4,No,North,Medium,None,21346.86,0,17527.82
CUST-0957,37,Male,24.22,4,No,East,High,Diabetes,72316.28,0,15757.03
CUST-0822,49,Female,34.07,1,No,South,Low,None,69694.12,1,16256.0
CUST-1158,58,Female,28.02,0,No,North,High,None,68067.19,2,17361.57
CUST-0878,53,Female,33.4,0,No,South,Medium,Diabetes,62011.66,4,20168.92
CUST-0914,65,Female,26.25,2,No,West,Low,None,66935.49,4,22600.18
CUST-0153,62,Male,22.51,4,No,West,Medium,None,69441.99,0,16050.22
CUST-1154,61,Female,27.1,2,No,East,Medium,None,59411.58,4,21353.43
CUST-0510,29,Female,41.42,4,No,North,Low,None,57807.63,2,15818.34
CUST-1059,38,Male,33.41,1,No,East,Medium,Both,45708.44,1,20077.01
CUST-0104,18,Female,31.83,4,No,North,Low,None,85734.37,0,10732.85
CUST-0587,51,Female,29.25,1,No,North,Medium,None,111931.48,1,17464.65
CUST-1117,65,Male,23.91,3,No,South,Low,None,106215.77,0,23086.72
CUST-0054,40,Female,33.6,2,No,East,Low,None,77319.28,0,14024.22
CUST-0152,31,Male,31.84,0,No,West,Low,Diabetes,53370.42,2,19219.66
CUST-0404,64,Female,18.48,2,No,North,Medium,None,85725.59,3,21596.36
CUST-0208,64,Male,28.2,4,Yes,South,Medium,None,,1,30511.15
CUST-1194,51,Male,27.3,2,Yes,North,Medium,None,60829.93,0,23277.24
CUST-0009,27,FEMALE,32.05,4,No,South,Medium,None,,4,20662.94
CUST-1015,42,Male,43.05,2,Yes,East,Low,None,68310.28,1,29340.61
CUST-0453,41,Female,30.89,4,No,East,Medium,None,,1,16574.89
CUST-0254,33,Male,21.07,1,Yes,North,High,None,77746.0,3,26121.97
CUST-0897,42,Male,,1,No,South,Low,Both,64306.99,1,20542.66
CUST-1104,25,Male,32.01,2,No,East,Medium,Hypertension,78482.86,1,16172.46
CUST-0881,22,Female,30.09,1,No,East,Medium,Diabetes,39891.16,3,15172.52
CUST-1192,31,Male,19.29,3,No,West,High,Diabetes,96123.57,2,21622.57
CUST-0624,38,Female,27.9,3,No,North,Medium,None,58928.58,0,13737.57
CUST-0346,30,Male,28.6,4,Yes,east,High,None,53136.51,1,24266.84
CUST-1085,27,Female,26.35,1,Yes,East,High,Both,58079.58,2,26084.37
CUST-0263,32,Female,42.5,0,No,South,High,None,33375.92,3,19111.92
CUST-0151,59,Female,27.15,4,No,West,Low,Hypertension,18000.0,2,21713.45
CUST-0473,38,Female,26.16,2,No,North,Low,None,80914.81,2,15692.39
CUST-0641,50,Male,32.45,2,No,South,Low,Both,76491.85,0,19407.86
CUST-0681,52,Male,27.85,0,Yes,East,High,Diabetes,35016.88,0,26002.83
CUST-1189,45,Female,31.24,1,No,East,Medium,Diabetes,41805.68,2,22424.24
CUST-0551,56,Male,22.98,1,No,South,Low,None,95460.98,0,14679.34
CUST-0929,38,Female,46.26,3,No,East,Low,None,67559.32,0,12487.03
CUST-0489,54,Male,30.38,3,No,North,Low,Hypertension,83906.85,2,21066.54
CUST-1138,35,Female,33.35,1,Yes,North,Low,None,70913.85,0,25525.86
CUST-0147,19,Female,27.16,3,No,East,Medium,None,49373.32,1,14910.27
CUST-0403,33,Male,47.57,2,No,South,Medium,None,40498.07,0,13188.12
CUST-0955,55,Male,24.92,0,No,South,Medium,None,78771.54,0,17428.26
CUST-1184,39,Male,28.36,4,Yes,South,Medium,None,18312.42,2,29378.32
CUST-0660,31,Female,22.09,0,No,South,Medium,Hypertension,120449.81,2,15544.46
CUST-0464,38,Female,31.76,0,Yes,North,Low,None,49302.76,1,27690.06
CUST-0187,25,Male,36.83,4,No,South,Low,Diabetes,28935.3,3,20211.54
CUST-0609,64,Female,37.07,3,No,North,Medium,None,73629.57,1,20451.28
CUST-0144,37,Female,26.36,2,No,NORTH,High,Diabetes,39494.77,1,12573.95
CUST-0752,25,Male,32.51,3,No,North,Medium,None,57671.1,2,16172.63
CUST-0982,51,Male,17.99,0,No,South,High,None,48642.32,2,11924.71
CUST-0198,23,FEMALE,43.32,0,No,West,Medium,Hypertension,55025.35,0,14225.56
CUST-0884,25,Male,24.51,4,No,South,Low,Diabetes,37807.24,1,16771.79
CUST-0280,21,Female,,2,No,East,Low,None,87959.25,4,19165.6
CUST-0294,33,Female,29.23,2,NO,South,Low,None,68787.29,3,22880.88
CUST-1146,41,Female,39.24,4,No,North,Medium,None,33677.4,1,15218.25
CUST-0401,65,Male,25.3,2,No,North,Low,None,40662.9,2,20337.8
CUST-0123,49,Male,32.41,0,No,South,Medium,None,69446.57,1,16363.68
CUST-0203,41,Male,43.32,4,No,North,Low,None,71967.34,1,18195.41
CUST-0836,55,Female,22.54,2,No,East,Low,None,32034.63,0,12004.17
CUST-0247,54,Female,35.47,4,No,East,Medium,None,61567.48,3,19522.19
CUST-1199,56,Female,18.94,3,Yes,South,Medium,None,78090.84,3,29792.81
CUST-1187,24,Female,26.73,3,No,East,Low,Both,70892.73,2,19666.56
CUST-0385,19,Male,39.28,4,Yes,East,Medium,Diabetes,86662.1,0,24936.0
CUST-0855,31,Female,32.79,3,No,South,Low,Both,38462.55,3,20195.17
CUST-0220,61,Male,19.36,1,No,East,Low,Diabetes,64946.56,2,23100.86
CUST-0642,61,Male,25.21,1,No,West,Medium,None,96733.44,1,15722.82
CUST-0002,55,Male,20.96,2,NO,East,Medium,None,58550.58,3,20518.41
CUST-0113,44,Male,31.32,1,No,East,Low,Diabetes,85961.02,2,15961.71
CUST-0699,20,Male,32.92,3,No,South,High,None,68682.81,0,8307.17
CUST-1206,61,Male,16.0,0,No,North,Low,None,88635.0,1,21107.17
CUST-0952,32,Male,37.23,2,Yes,South,Medium,None,77938.46,0,25578.77
CUST-1136,20,Female,34.15,1,No,North,Low,None,62346.8,2,12694.39
CUST-0442,32,Female,19.78,3,No,South,Low,None,59975.26,1,19011.64
CUST-0664,27,Female,40.72,1,No,North,Medium,Diabetes,106890.86,0,10130.22
CUST-1176,34,Female,29.22,3,No,West,Medium,None,61178.89,0,9686.28
CUST-0318,52,Female,31.42,2,No,East,Medium,None,18000.0,2,17093.23
CUST-0649,64,Female,38.26,2,No,South,Low,None,66703.81,3,22635.59
CUST-0710,40,Male,36.5,0,No,East,Low,None,78642.71,2,17006.35
CUST-0973,40,Male,28.74,0,No,West,Low,None,73421.73,2,16174.35
CUST-0628,35,female,29.57,2,No,North,Low,None,18000.0,0,8582.8
CUST-0633,38,Male,29.7,3,No,North,High,None,41450.09,2,14338.29
CUST-1231,57,Female,34.58,3,Yes,West,Medium,Diabetes,66672.06,1,32499.01
CUST-1164,43,Female,25.17,0,No,East,medium,Diabetes,83662.11,3,22927.32
CUST-0796,32,Female,33.38,0,No,South,Medium,None,80921.97,1,15900.04
CUST-0646,33,Female,20.84,3,No,North,Low,Diabetes,78810.11,2,15976.02
CUST-1013,29,Male,30.44,0,Yes,East,Medium,Diabetes,82791.78,1,28383.75
CUST-0557,53,MALE,26.7,2,No,South,LOW,None,75674.12,2,20100.01
CUST-0682,24,Male,25.89,3,No,North,Low,Hypertension,43307.9,1,14425.14
CUST-0578,43,Female,29.45,1,No,North,Medium,None,75098.51,1,15828.31
CUST-1110,20,Male,29.57,4,Yes,West,,Both,94192.14,1,30431.65
CUST-0525,33,Female,24.42,2,Yes,West,Medium,Diabetes,62294.84,2,29252.99
CUST-1060,32,Female,35.13,3,Yes,South,Medium,None,57034.09,3,32199.96
CUST-0541,52,Female,36.31,2,No,North,Medium,None,49618.79,3,20248.24
CUST-0749,33,Male,27.82,2,No,North,Medium,None,40225.37,3,16725.72
CUST-1167,19,Female,27.8,1,No,North,Low,None,79715.38,1,11088.23
CUST-0485,40,Female,18.73,2,No,West,Low,Hypertension,39202.25,1,16151.67
CUST-0096,31,Female,27.35,1,No,North,High,None,58334.84,4,20893.07
CUST-1021,20,Male,23.77,0,No,West,Low,None,34112.68,2,11746.8
CUST-0564,-1,Male,30.81,3,No,East,Medium,None,32913.05,2,12674.3
CUST-0743,48,Male,35.13,3,Yes,North,Low,None,42890.55,1,27816.43
CUST-0864,55,Female,29.83,4,No,South,Low,Diabetes, 65598.28 ,1,20256.49
CUST-0892,52,Female,26.33,2,Yes,NORTH,Low,None,81932.23,1,27260.03
CUST-1039,38,Female,33.69,4,Yes,North,Low,None,51625.26,5,36322.85
CUST-0207,54,Female,28.15,4,No,West,Medium,None,57690.12,0,13516.89
CUST-0393,35,Male,32.65,0,No,North,Low,None,97602.51,2,15722.76
CUST-0795,38,Male,36.87,1,No,South,Medium,None,91051.1,2,17722.4
CUST-0871,39,Female,35.84,2,Yes,West,High,Diabetes,43972.56,1,28764.16
CUST-0398,27,Female,27.94,2,No,South,Medium,Diabetes,55561.23,1,14503.57
CUST-0767,47,Male,30.56,2,No,South,Low,None,101116.35,1,20996.37
CUST-1157,23,Male,22.68,1,No,West,Medium,Diabetes,22024.09,1,12760.51
CUST-1029,45,Male,20.86,1,No,East,Medium,Diabetes,55434.12,1,15546.92
CUST-0643,59,Female,28.45,3,No,South,Medium,Diabetes,59111.71,0,20286.87
CUST-0613,55,Female,34.84,4,No,West,Medium,None,30203.51,1,18071.07
CUST-0961,25,Female,31.58,4,No,North,Low,None,65929.46,6,21342.93
CUST-0726,23,MALE,24.53,0,No,East,High,None,95474.31,5,17090.65
CUST-0684,64,Female,32.31,2,No,West,Low,Both,74934.19,1,25263.15
CUST-0099,48,Female,25.31,3,No,North,Medium,None,91726.06,2,18214.36
CUST-0805,53,Female,33.11,3,Yes,North,Medium,None,76874.68,1,32473.48
CUST-0407,38,Female,33.08,4,No,West,High,diabetes,74360.58,1,17567.87
CUST-0503,64,Female,25.88,4,No,South,Medium,None,35881.66,0,14413.22
CUST-1072,28,Male,31.75,3,No,East,Medium,Hypertension,65950.37,0,15448.69
CUST-1057,39,Male,32.08,0,Yes,East,High,Diabetes,91211.0,0,23402.8
CUST-0930,45,Male,31.94,0,No,east,Medium,Hypertension,,1,16042.89
CUST-0780,58,Male,35.48,0,No,West,High,None,50653.58,0,13946.87
CUST-0201,35,Male,37.98,2,Yes,East,Low,Both,96152.07,4,41741.46
CUST-0135,56,male,35.18,3,No,East,Medium,None,80473.62,1,19839.48
CUST-1052,35,Male,34.39,2,No,West,Low,None,57317.55,4,20283.92
CUST-0041,25,Male,25.0,1,Yes,North,Medium,None,42725.39,3,24457.26
CUST-1018,41,female,22.82,1,No,South,High,Hypertension,67243.81,0,16469.96
CUST-0231,40,Male,28.61,2,Yes,South,Low,None,54215.26,2,24450.09
CUST-0379,36,Male,28.42,1,No,West,Low,None,84691.09,1,13757.73
CUST-0289,44,Female,37.72,4,No,South,High,Hypertension,56135.03,2,20428.3
CUST-0419,32,Female,30.4,1,No,East,High,Both,66096.75,1,13733.91
CUST-0392,26,Male,37.92,0,No,East,High,None,54931.18,3,14530.46
CUST-0593,29,Female,32.46,2,No,West,Low,None,26850.12,2,19011.43
CUST-1163,58,Female,32.63,0,Yes,West,Low,Hypertension,56624.67,2,33357.33
CUST-1087,56,Male,26.46,4,No,West,Medium,None,71312.7,0,17864.25
CUST-0648,43,Female,22.78,2,No,South,Medium,Hypertension,38491.19,0,12299.18
CUST-1153,38,Female,,0,No,East,High,None,90099.71,2,15494.44
CUST-0521,35,Male,26.3,0,No,East,Medium,Diabetes,24763.67,1,16885.94
CUST-0065,37,Female,31.75,2,Yes,South,Medium,None,81967.1,0,25297.12
CUST-0015,52,Male,32.97,2,Yes,East,Low,None,54319.93,0,26116.9
CUST-1065,54,Male,26.11,1,Yes,North,Medium,None,72970.49,2,32312.78
CUST-0493,54,Male,26.69,0,Yes,West,Low,None,61819.27,0,29101.53
CUST-0380,30,Male,24.98,1,Yes,West,Low,None,94516.7,3,26799.42
CUST-0188,36,Female,27.49,4,No,West,Low,Diabetes,18000.0,1,17218.8
CUST-0764,62,Female,30.85,2,No,North,High,None,57298.37,0,15922.09
CUST-0217,21,Female,27.82,3,No,East,Medium,Both,72363.48,0,14547.43
CUST-0792,39,female,36.46,3,N,North,Medium,None,91935.82,2,16736.7
CUST-1077,52,Male,32.27,2,No,West,High,None,60070.98,1,14080.06
CUST-0879,44,Male,30.32,2,Yes,North,Low,None,58663.11,4,30464.2
CUST-0338,33,Male,25.01,1,No,North,High,None,66613.02,2,12150.78
CUST-0720,46,Male,37.52,2,No,South,Medium,None,66732.29,3,21766.95
CUST-0296,42,Female,30.32,4,Yes,North,Medium,Both,57834.95,2,34529.5
CUST-1017,36,female,32.51,1,Yes,East,High,Both,30612.52,1,29633.93
CUST-0456,44,Female,25.17,3,No,North,Low,None,54637.64,3,19792.57
CUST-0816,58,Female,26.54,2,Yes,South,Medium,NONE,71765.51,1,29543.66
CUST-0270,46,Male,31.55,4,No,East,Medium,None,80732.74,3,16312.9
CUST-0996,48,Female,26.81,3,No,North,Medium,None,44950.08,3,17109.34
CUST-0202,61,Male,24.22,4,N,North,Low,Hypertension,71271.04,0,15756.0
CUST-0162,49,Female,31.76,4,No,North,Medium,None,38126.05,3,18059.52
CUST-0730,49,Female,16.0,2,Yes,West,High,None,90093.42,2,26851.37
CUST-0402,55,Male,32.8,0,No,North,Medium,Hypertension,95148.91,2,20234.65
CUST-0703,26,Male,25.68,1,No,East,Medium,Hypertension,26201.43,2,12478.95
CUST-1130,49,Female,28.33,3,No,North,Low,None,32446.82,2,18828.32
CUST-0566,29,Male,38.57,4,No,North,Medium,Both,57253.38,2,19933.16
CUST-1022,21,Male,23.03,3,No,West,Medium,None,45339.08,0,9596.25
CUST-1026,20,Male,27.61,3,No,East,,None,107839.16,1,11104.74
CUST-1105,32,Male,43.35,1,Yes,East,Medium,None,37596.3,4,28742.86
CUST-0206,30,Male,29.67,4,No,South,Low,None,33348.93,3,15278.95
CUST-0035,60,Male,28.44,4,No,South,Medium,None, 72183.07 ,0,16635.45
CUST-0776,63,Male,21.07,3,No,South,Low,None,18000.0,3,23878.73
CUST-0509,30,Female,25.39,1,Yes,North,Low,None,18000.0,1,25066.86
CUST-1244,41,Female,25.75,1,No,North,Low,None,22339.86,0,38001.36
CUST-0092,56,Male,16.0,2,Yes,South,High,None,66547.18,2,29928.74
CUST-0898,20,Female,32.58,1,No,South,Medium,None,71949.08,1,8534.23
CUST-0565,60,Female,22.55,1,No,East,Low,None,,0,14856.21
CUST-0777,38,Female,31.92,1,No,East,Medium,Both,43859.8,1,18942.63
CUST-0242,46,Male,28.79,4,Yes,North,Low,none,61689.02,2,29459.15
CUST-0014,54,Female,25.92,4,Yes,West,High,None,90308.85,1,29553.06
CUST-0316,49,Male,33.33,2,Yes,North,Low,None,58917.03,1,30147.91
CUST-0601,47,Male,30.56,1,No,West,Medium,Diabetes,45970.48,4,21858.37
CUST-0388,57,Female,36.52,1,Yes,East,Medium,None,33253.42,2,30610.45
CUST-0167,33,Female,37.1,4,Yes,South,Low,none,22607.88,1,26135.63
CUST-0841,31,Female,31.77,4,No,South,Medium,None,59750.56,1,14435.25
CUST-0021,42,Male,,4,No,East,High,None,63256.81,3,16147.25
CUST-0647,40,Female,33.56,1,No,West,Low,Diabetes,72760.52,2,18193.72
CUST-1155,32,Male,24.02,4,No,East,Medium,None,54296.99,1,18504.47
CUST-0832,29,Male,23.34,4,Yes,South,medium,None,110107.58,2,25377.13
CUST-0563,41,Female,21.15,3,Yes,NORTH,Medium,None,45818.87,2,30454.83
CUST-1230,31,Male,34.09,0,No,East,High,None,52107.87,1,11827.68
CUST-0687,37,Male,26.06,3,No,West,Medium,Diabetes,44997.55,0,10043.04
CUST-0958,48,Female,22.82,3,No,North,Low,None,57776.75,0,14935.8
CUST-0190,32,Female,26.45,2,Yes,North,High,Diabetes,71486.03,2,25880.98
CUST-0976,28,Female,32.9,3,No,North,High,Hypertension,50841.78,3,19308.68
CUST-0700,22,Male,16.0,2,No,West,High,None,73909.83,2,10005.53
CUST-0511,65,Male,36.49,0,Yes,West,High,None,45432.97,1,36249.96
CUST-1083,63,Male,45.45,2,No,South,Medium,None,55328.52,3,30269.63
CUST-0475,48,Female,28.62,2,Yes,South,Low,None,70624.59,2,27325.83
CUST-0857,29,Female,27.38,0,Yes,South,Low,None,66401.11,0,20724.14
CUST-0748,33,Female,25.53,4,Yes,East,Medium,Both,45876.87,1,27800.3
CUST-0253,27,Male,21.52,1,No,West,High,Both,51926.17,3,18585.64
CUST-0022,35,Male,24.59,4,No,South,Medium,Hypertension,66415.55,0,12691.35
CUST-0460,23,Male,32.29,0,No,East,Medium,None,58466.33,2,12403.32
CUST-1185,38,Male,25.51,1,No,North,Medium,None,62072.29,2,16611.88
CUST-0277,40,Male,25.68,1,No,East,Medium,None,61619.68,0,10980.23
CUST-0956,47,Female,25.68,2,No,South,High,None,47684.13,2,16312.92
CUST-1216,23,Male,40.8,0,No,North,Low,Hypertension,64117.75,0,10321.89
CUST-0386,23,Female,22.88,4,No,West,Low,None,59668.4,1,16797.96
CUST-0806,55,Male,32.45,4,No,North,Low,None,71994.67,2,20651.26
CUST-0344,42,Male,34.28,2,No,North,Low,None,57491.27,3,15582.63
CUST-0770,36,Male,27.94,0,No,North,High,Diabetes,35417.84,2,14310.62
CUST-0131,45,Female,23.1,3,No,South,High,None,44418.84,2,13146.54
CUST-0872,27,Female,34.32,4,No,West,Low,None,90153.14,0,16531.8
CUST-1124,29,Male,34.67,1,No,North,Low,None,,1,13064.47
CUST-0088,32,Male,16.58,3,No,West,Medium,None,66714.9,1,10502.25
CUST-0331,44,Male,37.96,0,No,South,Medium,None,42866.22,1,12100.12
CUST-1239,32,Female,32.86,2,No,North,medium,Both,72011.32,2,19112.42
CUST-0467,25,Female,20.2,0,No,South,High,None,42873.01,1,9440.25
CUST-0122,50,Male,41.03,0,No,East,High,None,54812.76,0,16329.49
CUST-1045,52,Female,36.22,4,Yes,North,Low,None,51652.01,0,30115.56
CUST-1096,21,Male,31.12,2,No,West,High,Hypertension,99915.04,1,12174.74
CUST-1131,37,Male,34.53,1,No,North,High,Both,56451.98,2,20673.49
CUST-0861,64,Male,29.85,0,No,South,Medium,Hypertension,49709.39,3,25756.11
CUST-1127,58,Female,38.67,1,No,South,Medium,hypertension,70488.01,0,19144.85
